[{"model": "admin.logentry", "pk": 1, "fields": {"action_time": "2021-06-10T00:00:49.105Z", "user": 1, "content_type": 13, "object_id": "2", "object_repr": "TACOT_3.0.0", "action_flag": 2, "change_message": "[{\"changed\": {\"fields\": [\"Published\"]}}]"}}, {"model": "admin.logentry", "pk": 2, "fields": {"action_time": "2021-06-10T00:00:54.630Z", "user": 1, "content_type": 13, "object_id": "1", "object_repr": "Cork_1.0.0", "action_flag": 2, "change_message": "[{\"changed\": {\"fields\": [\"Published\"]}}]"}}, {"model": "admin.logentry", "pk": 3, "fields": {"action_time": "2021-06-10T00:01:17.293Z", "user": 1, "content_type": 20, "object_id": "2", "object_repr": "HEEET_4.0.1", "action_flag": 2, "change_message": "[{\"changed\": {\"fields\": [\"Published\"]}}]"}}, {"model": "admin.logentry", "pk": 4, "fields": {"action_time": "2021-06-10T00:37:08.010Z", "user": 1, "content_type": 12, "object_id": "1", "object_repr": "matrixprop_None", "action_flag": 3, "change_message": ""}}, {"model": "admin.logentry", "pk": 5, "fields": {"action_time": "2021-06-10T00:37:55.713Z", "user": 1, "content_type": 7, "object_id": "1", "object_repr": "constprop_None", "action_flag": 3, "change_message": ""}}, {"model": "admin.logentry", "pk": 6, "fields": {"action_time": "2021-06-10T05:13:43.228Z", "user": 1, "content_type": 30, "object_id": "4", "object_repr": "PATO-2.3.1", "action_flag": 2, "change_message": "[{\"changed\": {\"fields\": [\"Material properties\"]}}]"}}, {"model": "admin.logentry", "pk": 7, "fields": {"action_time": "2021-06-10T05:13:58.153Z", "user": 1, "content_type": 30, "object_id": "1", "object_repr": "PATO-2.3.0", "action_flag": 2, "change_message": "[{\"changed\": {\"fields\": [\"Material properties\"]}}]"}}, {"model": "admin.logentry", "pk": 8, "fields": {"action_time": "2021-06-10T05:18:12.811Z", "user": 1, "content_type": 30, "object_id": "2", "object_repr": "FIAT-3", "action_flag": 2, "change_message": "[{\"changed\": {\"fields\": [\"Material properties\"]}}]"}}, {"model": "admin.logentry", "pk": 9, "fields": {"action_time": "2021-06-10T05:18:29.205Z", "user": 1, "content_type": 30, "object_id": "5", "object_repr": "PuMA-0.1", "action_flag": 2, "change_message": "[{\"changed\": {\"fields\": [\"Material properties\"]}}]"}}, {"model": "admin.logentry", "pk": 10, "fields": {"action_time": "2021-06-10T05:18:41.562Z", "user": 1, "content_type": 30, "object_id": "3", "object_repr": "Icarus-0.1", "action_flag": 2, "change_message": "[{\"changed\": {\"fields\": [\"Material properties\"]}}]"}}, {"model": "admin.logentry", "pk": 11, "fields": {"action_time": "2021-06-10T06:22:34.077Z", "user": 1, "content_type": 30, "object_id": "4", "object_repr": "PATO-2.3.1", "action_flag": 2, "change_message": "[{\"changed\": {\"fields\": [\"Can export\"]}}]"}}, {"model": "admin.logentry", "pk": 12, "fields": {"action_time": "2021-06-10T06:22:43.203Z", "user": 1, "content_type": 30, "object_id": "2", "object_repr": "FIAT-3", "action_flag": 2, "change_message": "[{\"changed\": {\"fields\": [\"Can export\"]}}]"}}, {"model": "admin.logentry", "pk": 13, "fields": {"action_time": "2021-06-10T21:15:47.395Z", "user": 1, "content_type": 30, "object_id": "2", "object_repr": "FIAT-3", "action_flag": 2, "change_message": "[{\"changed\": {\"fields\": [\"Can export\"]}}]"}}, {"model": "auth.permission", "pk": 1, "fields": {"name": "Can add log entry", "content_type": 1, "codename": "add_logentry"}}, {"model": "auth.permission", "pk": 2, "fields": {"name": "Can change log entry", "content_type": 1, "codename": "change_logentry"}}, {"model": "auth.permission", "pk": 3, "fields": {"name": "Can delete log entry", "content_type": 1, "codename": "delete_logentry"}}, {"model": "auth.permission", "pk": 4, "fields": {"name": "Can view log entry", "content_type": 1, "codename": "view_logentry"}}, {"model": "auth.permission", "pk": 5, "fields": {"name": "Can add permission", "content_type": 2, "codename": "add_permission"}}, {"model": "auth.permission", "pk": 6, "fields": {"name": "Can change permission", "content_type": 2, "codename": "change_permission"}}, {"model": "auth.permission", "pk": 7, "fields": {"name": "Can delete permission", "content_type": 2, "codename": "delete_permission"}}, {"model": "auth.permission", "pk": 8, "fields": {"name": "Can view permission", "content_type": 2, "codename": "view_permission"}}, {"model": "auth.permission", "pk": 9, "fields": {"name": "Can add group", "content_type": 3, "codename": "add_group"}}, {"model": "auth.permission", "pk": 10, "fields": {"name": "Can change group", "content_type": 3, "codename": "change_group"}}, {"model": "auth.permission", "pk": 11, "fields": {"name": "Can delete group", "content_type": 3, "codename": "delete_group"}}, {"model": "auth.permission", "pk": 12, "fields": {"name": "Can view group", "content_type": 3, "codename": "view_group"}}, {"model": "auth.permission", "pk": 13, "fields": {"name": "Can add user", "content_type": 4, "codename": "add_user"}}, {"model": "auth.permission", "pk": 14, "fields": {"name": "Can change user", "content_type": 4, "codename": "change_user"}}, {"model": "auth.permission", "pk": 15, "fields": {"name": "Can delete user", "content_type": 4, "codename": "delete_user"}}, {"model": "auth.permission", "pk": 16, "fields": {"name": "Can view user", "content_type": 4, "codename": "view_user"}}, {"model": "auth.permission", "pk": 17, "fields": {"name": "Can add content type", "content_type": 5, "codename": "add_contenttype"}}, {"model": "auth.permission", "pk": 18, "fields": {"name": "Can change content type", "content_type": 5, "codename": "change_contenttype"}}, {"model": "auth.permission", "pk": 19, "fields": {"name": "Can delete content type", "content_type": 5, "codename": "delete_contenttype"}}, {"model": "auth.permission", "pk": 20, "fields": {"name": "Can view content type", "content_type": 5, "codename": "view_contenttype"}}, {"model": "auth.permission", "pk": 21, "fields": {"name": "Can add session", "content_type": 6, "codename": "add_session"}}, {"model": "auth.permission", "pk": 22, "fields": {"name": "Can change session", "content_type": 6, "codename": "change_session"}}, {"model": "auth.permission", "pk": 23, "fields": {"name": "Can delete session", "content_type": 6, "codename": "delete_session"}}, {"model": "auth.permission", "pk": 24, "fields": {"name": "Can view session", "content_type": 6, "codename": "view_session"}}, {"model": "auth.permission", "pk": 25, "fields": {"name": "Can add const property", "content_type": 7, "codename": "add_constproperty"}}, {"model": "auth.permission", "pk": 26, "fields": {"name": "Can change const property", "content_type": 7, "codename": "change_constproperty"}}, {"model": "auth.permission", "pk": 27, "fields": {"name": "Can delete const property", "content_type": 7, "codename": "delete_constproperty"}}, {"model": "auth.permission", "pk": 28, "fields": {"name": "Can view const property", "content_type": 7, "codename": "view_constproperty"}}, {"model": "auth.permission", "pk": 29, "fields": {"name": "Can add material", "content_type": 8, "codename": "add_material"}}, {"model": "auth.permission", "pk": 30, "fields": {"name": "Can change material", "content_type": 8, "codename": "change_material"}}, {"model": "auth.permission", "pk": 31, "fields": {"name": "Can delete material", "content_type": 8, "codename": "delete_material"}}, {"model": "auth.permission", "pk": 32, "fields": {"name": "Can view material", "content_type": 8, "codename": "view_material"}}, {"model": "auth.permission", "pk": 33, "fields": {"name": "Can add material property", "content_type": 9, "codename": "add_materialproperty"}}, {"model": "auth.permission", "pk": 34, "fields": {"name": "Can change material property", "content_type": 9, "codename": "change_materialproperty"}}, {"model": "auth.permission", "pk": 35, "fields": {"name": "Can delete material property", "content_type": 9, "codename": "delete_materialproperty"}}, {"model": "auth.permission", "pk": 36, "fields": {"name": "Can view material property", "content_type": 9, "codename": "view_materialproperty"}}, {"model": "auth.permission", "pk": 37, "fields": {"name": "Can add material property instance", "content_type": 10, "codename": "add_materialpropertyinstance"}}, {"model": "auth.permission", "pk": 38, "fields": {"name": "Can change material property instance", "content_type": 10, "codename": "change_materialpropertyinstance"}}, {"model": "auth.permission", "pk": 39, "fields": {"name": "Can delete material property instance", "content_type": 10, "codename": "delete_materialpropertyinstance"}}, {"model": "auth.permission", "pk": 40, "fields": {"name": "Can view material property instance", "content_type": 10, "codename": "view_materialpropertyinstance"}}, {"model": "auth.permission", "pk": 41, "fields": {"name": "Can add variable property", "content_type": 11, "codename": "add_variableproperty"}}, {"model": "auth.permission", "pk": 42, "fields": {"name": "Can change variable property", "content_type": 11, "codename": "change_variableproperty"}}, {"model": "auth.permission", "pk": 43, "fields": {"name": "Can delete variable property", "content_type": 11, "codename": "delete_variableproperty"}}, {"model": "auth.permission", "pk": 44, "fields": {"name": "Can view variable property", "content_type": 11, "codename": "view_variableproperty"}}, {"model": "auth.permission", "pk": 45, "fields": {"name": "Can add matrix property", "content_type": 12, "codename": "add_matrixproperty"}}, {"model": "auth.permission", "pk": 46, "fields": {"name": "Can change matrix property", "content_type": 12, "codename": "change_matrixproperty"}}, {"model": "auth.permission", "pk": 47, "fields": {"name": "Can delete matrix property", "content_type": 12, "codename": "delete_matrixproperty"}}, {"model": "auth.permission", "pk": 48, "fields": {"name": "Can view matrix property", "content_type": 12, "codename": "view_matrixproperty"}}, {"model": "auth.permission", "pk": 49, "fields": {"name": "Can add material version", "content_type": 13, "codename": "add_materialversion"}}, {"model": "auth.permission", "pk": 50, "fields": {"name": "Can change material version", "content_type": 13, "codename": "change_materialversion"}}, {"model": "auth.permission", "pk": 51, "fields": {"name": "Can delete material version", "content_type": 13, "codename": "delete_materialversion"}}, {"model": "auth.permission", "pk": 52, "fields": {"name": "Can view material version", "content_type": 13, "codename": "view_materialversion"}}, {"model": "auth.permission", "pk": 53, "fields": {"name": "Can add itar const property", "content_type": 14, "codename": "add_itarconstproperty"}}, {"model": "auth.permission", "pk": 54, "fields": {"name": "Can change itar const property", "content_type": 14, "codename": "change_itarconstproperty"}}, {"model": "auth.permission", "pk": 55, "fields": {"name": "Can delete itar const property", "content_type": 14, "codename": "delete_itarconstproperty"}}, {"model": "auth.permission", "pk": 56, "fields": {"name": "Can view itar const property", "content_type": 14, "codename": "view_itarconstproperty"}}, {"model": "auth.permission", "pk": 57, "fields": {"name": "Can add itar material", "content_type": 15, "codename": "add_itarmaterial"}}, {"model": "auth.permission", "pk": 58, "fields": {"name": "Can change itar material", "content_type": 15, "codename": "change_itarmaterial"}}, {"model": "auth.permission", "pk": 59, "fields": {"name": "Can delete itar material", "content_type": 15, "codename": "delete_itarmaterial"}}, {"model": "auth.permission", "pk": 60, "fields": {"name": "Can view itar material", "content_type": 15, "codename": "view_itarmaterial"}}, {"model": "auth.permission", "pk": 61, "fields": {"name": "Can add itar material property", "content_type": 16, "codename": "add_itarmaterialproperty"}}, {"model": "auth.permission", "pk": 62, "fields": {"name": "Can change itar material property", "content_type": 16, "codename": "change_itarmaterialproperty"}}, {"model": "auth.permission", "pk": 63, "fields": {"name": "Can delete itar material property", "content_type": 16, "codename": "delete_itarmaterialproperty"}}, {"model": "auth.permission", "pk": 64, "fields": {"name": "Can view itar material property", "content_type": 16, "codename": "view_itarmaterialproperty"}}, {"model": "auth.permission", "pk": 65, "fields": {"name": "Can add itar material property instance", "content_type": 17, "codename": "add_itarmaterialpropertyinstance"}}, {"model": "auth.permission", "pk": 66, "fields": {"name": "Can change itar material property instance", "content_type": 17, "codename": "change_itarmaterialpropertyinstance"}}, {"model": "auth.permission", "pk": 67, "fields": {"name": "Can delete itar material property instance", "content_type": 17, "codename": "delete_itarmaterialpropertyinstance"}}, {"model": "auth.permission", "pk": 68, "fields": {"name": "Can view itar material property instance", "content_type": 17, "codename": "view_itarmaterialpropertyinstance"}}, {"model": "auth.permission", "pk": 69, "fields": {"name": "Can add itar variable property", "content_type": 18, "codename": "add_itarvariableproperty"}}, {"model": "auth.permission", "pk": 70, "fields": {"name": "Can change itar variable property", "content_type": 18, "codename": "change_itarvariableproperty"}}, {"model": "auth.permission", "pk": 71, "fields": {"name": "Can delete itar variable property", "content_type": 18, "codename": "delete_itarvariableproperty"}}, {"model": "auth.permission", "pk": 72, "fields": {"name": "Can view itar variable property", "content_type": 18, "codename": "view_itarvariableproperty"}}, {"model": "auth.permission", "pk": 73, "fields": {"name": "Can add itar matrix property", "content_type": 19, "codename": "add_itarmatrixproperty"}}, {"model": "auth.permission", "pk": 74, "fields": {"name": "Can change itar matrix property", "content_type": 19, "codename": "change_itarmatrixproperty"}}, {"model": "auth.permission", "pk": 75, "fields": {"name": "Can delete itar matrix property", "content_type": 19, "codename": "delete_itarmatrixproperty"}}, {"model": "auth.permission", "pk": 76, "fields": {"name": "Can view itar matrix property", "content_type": 19, "codename": "view_itarmatrixproperty"}}, {"model": "auth.permission", "pk": 77, "fields": {"name": "Can add itar material version", "content_type": 20, "codename": "add_itarmaterialversion"}}, {"model": "auth.permission", "pk": 78, "fields": {"name": "Can change itar material version", "content_type": 20, "codename": "change_itarmaterialversion"}}, {"model": "auth.permission", "pk": 79, "fields": {"name": "Can delete itar material version", "content_type": 20, "codename": "delete_itarmaterialversion"}}, {"model": "auth.permission", "pk": 80, "fields": {"name": "Can view itar material version", "content_type": 20, "codename": "view_itarmaterialversion"}}, {"model": "auth.permission", "pk": 81, "fields": {"name": "Can add base unit", "content_type": 21, "codename": "add_baseunit"}}, {"model": "auth.permission", "pk": 82, "fields": {"name": "Can change base unit", "content_type": 21, "codename": "change_baseunit"}}, {"model": "auth.permission", "pk": 83, "fields": {"name": "Can delete base unit", "content_type": 21, "codename": "delete_baseunit"}}, {"model": "auth.permission", "pk": 84, "fields": {"name": "Can view base unit", "content_type": 21, "codename": "view_baseunit"}}, {"model": "auth.permission", "pk": 85, "fields": {"name": "Can add base unit prefix", "content_type": 22, "codename": "add_baseunitprefix"}}, {"model": "auth.permission", "pk": 86, "fields": {"name": "Can change base unit prefix", "content_type": 22, "codename": "change_baseunitprefix"}}, {"model": "auth.permission", "pk": 87, "fields": {"name": "Can delete base unit prefix", "content_type": 22, "codename": "delete_baseunitprefix"}}, {"model": "auth.permission", "pk": 88, "fields": {"name": "Can view base unit prefix", "content_type": 22, "codename": "view_baseunitprefix"}}, {"model": "auth.permission", "pk": 89, "fields": {"name": "Can add unit system", "content_type": 23, "codename": "add_unitsystem"}}, {"model": "auth.permission", "pk": 90, "fields": {"name": "Can change unit system", "content_type": 23, "codename": "change_unitsystem"}}, {"model": "auth.permission", "pk": 91, "fields": {"name": "Can delete unit system", "content_type": 23, "codename": "delete_unitsystem"}}, {"model": "auth.permission", "pk": 92, "fields": {"name": "Can view unit system", "content_type": 23, "codename": "view_unitsystem"}}, {"model": "auth.permission", "pk": 93, "fields": {"name": "Can add combo unit", "content_type": 24, "codename": "add_combounit"}}, {"model": "auth.permission", "pk": 94, "fields": {"name": "Can change combo unit", "content_type": 24, "codename": "change_combounit"}}, {"model": "auth.permission", "pk": 95, "fields": {"name": "Can delete combo unit", "content_type": 24, "codename": "delete_combounit"}}, {"model": "auth.permission", "pk": 96, "fields": {"name": "Can view combo unit", "content_type": 24, "codename": "view_combounit"}}, {"model": "auth.permission", "pk": 97, "fields": {"name": "Can add base unit power", "content_type": 25, "codename": "add_baseunitpower"}}, {"model": "auth.permission", "pk": 98, "fields": {"name": "Can change base unit power", "content_type": 25, "codename": "change_baseunitpower"}}, {"model": "auth.permission", "pk": 99, "fields": {"name": "Can delete base unit power", "content_type": 25, "codename": "delete_baseunitpower"}}, {"model": "auth.permission", "pk": 100, "fields": {"name": "Can view base unit power", "content_type": 25, "codename": "view_baseunitpower"}}, {"model": "auth.permission", "pk": 101, "fields": {"name": "Can add alternate unit symbol", "content_type": 26, "codename": "add_alternateunitsymbol"}}, {"model": "auth.permission", "pk": 102, "fields": {"name": "Can change alternate unit symbol", "content_type": 26, "codename": "change_alternateunitsymbol"}}, {"model": "auth.permission", "pk": 103, "fields": {"name": "Can delete alternate unit symbol", "content_type": 26, "codename": "delete_alternateunitsymbol"}}, {"model": "auth.permission", "pk": 104, "fields": {"name": "Can view alternate unit symbol", "content_type": 26, "codename": "view_alternateunitsymbol"}}, {"model": "auth.permission", "pk": 105, "fields": {"name": "Can add export format", "content_type": 27, "codename": "add_exportformat"}}, {"model": "auth.permission", "pk": 106, "fields": {"name": "Can change export format", "content_type": 27, "codename": "change_exportformat"}}, {"model": "auth.permission", "pk": 107, "fields": {"name": "Can delete export format", "content_type": 27, "codename": "delete_exportformat"}}, {"model": "auth.permission", "pk": 108, "fields": {"name": "Can view export format", "content_type": 27, "codename": "view_exportformat"}}, {"model": "auth.permission", "pk": 109, "fields": {"name": "Can add itar export format", "content_type": 28, "codename": "add_itarexportformat"}}, {"model": "auth.permission", "pk": 110, "fields": {"name": "Can change itar export format", "content_type": 28, "codename": "change_itarexportformat"}}, {"model": "auth.permission", "pk": 111, "fields": {"name": "Can delete itar export format", "content_type": 28, "codename": "delete_itarexportformat"}}, {"model": "auth.permission", "pk": 112, "fields": {"name": "Can view itar export format", "content_type": 28, "codename": "view_itarexportformat"}}, {"model": "auth.permission", "pk": 113, "fields": {"name": "Can add software", "content_type": 29, "codename": "add_software"}}, {"model": "auth.permission", "pk": 114, "fields": {"name": "Can change software", "content_type": 29, "codename": "change_software"}}, {"model": "auth.permission", "pk": 115, "fields": {"name": "Can delete software", "content_type": 29, "codename": "delete_software"}}, {"model": "auth.permission", "pk": 116, "fields": {"name": "Can view software", "content_type": 29, "codename": "view_software"}}, {"model": "auth.permission", "pk": 117, "fields": {"name": "Can add software version", "content_type": 30, "codename": "add_softwareversion"}}, {"model": "auth.permission", "pk": 118, "fields": {"name": "Can change software version", "content_type": 30, "codename": "change_softwareversion"}}, {"model": "auth.permission", "pk": 119, "fields": {"name": "Can delete software version", "content_type": 30, "codename": "delete_softwareversion"}}, {"model": "auth.permission", "pk": 120, "fields": {"name": "Can view software version", "content_type": 30, "codename": "view_softwareversion"}}, {"model": "auth.permission", "pk": 121, "fields": {"name": "Can add person", "content_type": 31, "codename": "add_person"}}, {"model": "auth.permission", "pk": 122, "fields": {"name": "Can change person", "content_type": 31, "codename": "change_person"}}, {"model": "auth.permission", "pk": 123, "fields": {"name": "Can delete person", "content_type": 31, "codename": "delete_person"}}, {"model": "auth.permission", "pk": 124, "fields": {"name": "Can view person", "content_type": 31, "codename": "view_person"}}, {"model": "auth.permission", "pk": 125, "fields": {"name": "Can add tutorial", "content_type": 32, "codename": "add_tutorial"}}, {"model": "auth.permission", "pk": 126, "fields": {"name": "Can change tutorial", "content_type": 32, "codename": "change_tutorial"}}, {"model": "auth.permission", "pk": 127, "fields": {"name": "Can delete tutorial", "content_type": 32, "codename": "delete_tutorial"}}, {"model": "auth.permission", "pk": 128, "fields": {"name": "Can view tutorial", "content_type": 32, "codename": "view_tutorial"}}, {"model": "auth.permission", "pk": 129, "fields": {"name": "Can add reference", "content_type": 33, "codename": "add_reference"}}, {"model": "auth.permission", "pk": 130, "fields": {"name": "Can change reference", "content_type": 33, "codename": "change_reference"}}, {"model": "auth.permission", "pk": 131, "fields": {"name": "Can delete reference", "content_type": 33, "codename": "delete_reference"}}, {"model": "auth.permission", "pk": 132, "fields": {"name": "Can view reference", "content_type": 33, "codename": "view_reference"}}, {"model": "auth.user", "pk": 1, "fields": {"password": "pbkdf2_sha256$260000$0Rh4cvflDrQ3apqHhnDvlu$NfrvDfOSqsEhET3QJKHmt9Muef0wg2v3dIhASc0MtT4=", "last_login": "2021-06-09T23:56:27.810Z", "is_superuser": true, "username": "admin", "first_name": "", "last_name": "", "email": "magnus.haw@nasa.gov", "is_staff": true, "is_active": true, "date_joined": "2021-06-08T19:52:21.440Z", "groups": [], "user_permissions": []}}, {"model": "contenttypes.contenttype", "pk": 1, "fields": {"app_label": "admin", "model": "logentry"}}, {"model": "contenttypes.contenttype", "pk": 2, "fields": {"app_label": "auth", "model": "permission"}}, {"model": "contenttypes.contenttype", "pk": 3, "fields": {"app_label": "auth", "model": "group"}}, {"model": "contenttypes.contenttype", "pk": 4, "fields": {"app_label": "auth", "model": "user"}}, {"model": "contenttypes.contenttype", "pk": 5, "fields": {"app_label": "contenttypes", "model": "contenttype"}}, {"model": "contenttypes.contenttype", "pk": 6, "fields": {"app_label": "sessions", "model": "session"}}, {"model": "contenttypes.contenttype", "pk": 7, "fields": {"app_label": "materials", "model": "constproperty"}}, {"model": "contenttypes.contenttype", "pk": 8, "fields": {"app_label": "materials", "model": "material"}}, {"model": "contenttypes.contenttype", "pk": 9, "fields": {"app_label": "materials", "model": "materialproperty"}}, {"model": "contenttypes.contenttype", "pk": 10, "fields": {"app_label": "materials", "model": "materialpropertyinstance"}}, {"model": "contenttypes.contenttype", "pk": 11, "fields": {"app_label": "materials", "model": "variableproperty"}}, {"model": "contenttypes.contenttype", "pk": 12, "fields": {"app_label": "materials", "model": "matrixproperty"}}, {"model": "contenttypes.contenttype", "pk": 13, "fields": {"app_label": "materials", "model": "materialversion"}}, {"model": "contenttypes.contenttype", "pk": 14, "fields": {"app_label": "itarmaterials", "model": "itarconstproperty"}}, {"model": "contenttypes.contenttype", "pk": 15, "fields": {"app_label": "itarmaterials", "model": "itarmaterial"}}, {"model": "contenttypes.contenttype", "pk": 16, "fields": {"app_label": "itarmaterials", "model": "itarmaterialproperty"}}, {"model": "contenttypes.contenttype", "pk": 17, "fields": {"app_label": "itarmaterials", "model": "itarmaterialpropertyinstance"}}, {"model": "contenttypes.contenttype", "pk": 18, "fields": {"app_label": "itarmaterials", "model": "itarvariableproperty"}}, {"model": "contenttypes.contenttype", "pk": 19, "fields": {"app_label": "itarmaterials", "model": "itarmatrixproperty"}}, {"model": "contenttypes.contenttype", "pk": 20, "fields": {"app_label": "itarmaterials", "model": "itarmaterialversion"}}, {"model": "contenttypes.contenttype", "pk": 21, "fields": {"app_label": "units", "model": "baseunit"}}, {"model": "contenttypes.contenttype", "pk": 22, "fields": {"app_label": "units", "model": "baseunitprefix"}}, {"model": "contenttypes.contenttype", "pk": 23, "fields": {"app_label": "units", "model": "unitsystem"}}, {"model": "contenttypes.contenttype", "pk": 24, "fields": {"app_label": "units", "model": "combounit"}}, {"model": "contenttypes.contenttype", "pk": 25, "fields": {"app_label": "units", "model": "baseunitpower"}}, {"model": "contenttypes.contenttype", "pk": 26, "fields": {"app_label": "units", "model": "alternateunitsymbol"}}, {"model": "contenttypes.contenttype", "pk": 27, "fields": {"app_label": "software", "model": "exportformat"}}, {"model": "contenttypes.contenttype", "pk": 28, "fields": {"app_label": "software", "model": "itarexportformat"}}, {"model": "contenttypes.contenttype", "pk": 29, "fields": {"app_label": "software", "model": "software"}}, {"model": "contenttypes.contenttype", "pk": 30, "fields": {"app_label": "software", "model": "softwareversion"}}, {"model": "contenttypes.contenttype", "pk": 31, "fields": {"app_label": "sources", "model": "person"}}, {"model": "contenttypes.contenttype", "pk": 32, "fields": {"app_label": "sources", "model": "tutorial"}}, {"model": "contenttypes.contenttype", "pk": 33, "fields": {"app_label": "sources", "model": "reference"}}, {"model": "sessions.session", "pk": "1rpuaz4wdwxvuldfl82dmu0mur0yaryu", "fields": {"session_data": ".eJxVjMEOwiAQRP-FsyFAChSP3v0GsssuUjWQlPbU-O-GpAc9zrw3c4gI-1bi3nmNC4mr0OLy2yGkF9cB6An10WRqdVsXlEORJ-3y3ojft9P9OyjQy1grMG6egBBtcMY7QmKrw0heTSYAWU5BIZLz2iWl5oSOTWainJMVny_vGDjH:1lr83f:YQSfp8aeLuP0DEY9pjlZm1xsYCesLCtEqKo7aOTZVWw", "expire_date": "2021-06-23T23:56:27.812Z"}}, {"model": "materials.material", "pk": 1, "fields": {"created_at": "2021-06-08T19:53:19.424Z", "last_modified": "2021-06-10", "modified_by": null, "name": "Cork", "short_name": null, "short_description": null, "description": null, "image": ""}}, {"model": "materials.material", "pk": 2, "fields": {"created_at": "2021-06-08T19:55:06.331Z", "last_modified": "2021-06-10", "modified_by": null, "name": "TACOT", "short_name": null, "short_description": null, "description": null, "image": ""}}, {"model": "materials.materialversion", "pk": 1, "fields": {"created_at": "2021-06-08T19:53:19.429Z", "last_modified": "2021-06-10", "modified_by": 1, "material": 1, "version": "1.0.0", "version_value": 100000000, "grade": null, "material_lead": null, "material_expert": null, "modeling_expert": null, "other_contact": null, "notes": "", "datasheet": "", "published": "2021-06-10"}}, {"model": "materials.materialversion", "pk": 2, "fields": {"created_at": "2021-06-08T19:55:06.334Z", "last_modified": "2021-06-10", "modified_by": 1, "material": 2, "version": "3.0.0", "version_value": 300000000, "grade": null, "material_lead": null, "material_expert": null, "modeling_expert": null, "other_contact": null, "notes": "", "datasheet": "", "published": "2021-06-10"}}, {"model": "materials.materialproperty", "pk": 1, "fields": {"created_at": "2021-06-08T19:54:16.523Z", "last_modified": "2021-06-08", "modified_by": null, "name": "cp_virgin", "symbol": null, "description": "cp_virgin", "unit": 10}}, {"model": "materials.materialproperty", "pk": 2, "fields": {"created_at": "2021-06-08T19:54:16.533Z", "last_modified": "2021-06-08", "modified_by": null, "name": "h_virgin", "symbol": null, "description": "h_virgin", "unit": 11}}, {"model": "materials.materialproperty", "pk": 3, "fields": {"created_at": "2021-06-08T19:54:16.540Z", "last_modified": "2021-06-08", "modified_by": null, "name": "ki_virgin", "symbol": null, "description": "ki_virgin", "unit": 14}}, {"model": "materials.materialproperty", "pk": 4, "fields": {"created_at": "2021-06-08T19:54:16.547Z", "last_modified": "2021-06-08", "modified_by": null, "name": "kj_virgin", "symbol": null, "description": "kj_virgin", "unit": 14}}, {"model": "materials.materialproperty", "pk": 5, "fields": {"created_at": "2021-06-08T19:54:16.554Z", "last_modified": "2021-06-08", "modified_by": null, "name": "kk_virgin", "symbol": null, "description": "kk_virgin", "unit": 14}}, {"model": "materials.materialproperty", "pk": 6, "fields": {"created_at": "2021-06-08T19:54:16.561Z", "last_modified": "2021-06-08", "modified_by": null, "name": "emissivity_virgin", "symbol": null, "description": "emissivity_virgin", "unit": 33}}, {"model": "materials.materialproperty", "pk": 7, "fields": {"created_at": "2021-06-08T19:54:16.568Z", "last_modified": "2021-06-08", "modified_by": null, "name": "absorptivity_virgin", "symbol": null, "description": "absorptivity_virgin", "unit": 33}}, {"model": "materials.materialproperty", "pk": 8, "fields": {"created_at": "2021-06-08T19:54:16.576Z", "last_modified": "2021-06-08", "modified_by": null, "name": "cp_char", "symbol": null, "description": "cp_char", "unit": 10}}, {"model": "materials.materialproperty", "pk": 9, "fields": {"created_at": "2021-06-08T19:54:16.583Z", "last_modified": "2021-06-08", "modified_by": null, "name": "h_char", "symbol": null, "description": "h_char", "unit": 11}}, {"model": "materials.materialproperty", "pk": 10, "fields": {"created_at": "2021-06-08T19:54:16.589Z", "last_modified": "2021-06-08", "modified_by": null, "name": "ki_char", "symbol": null, "description": "ki_char", "unit": 14}}, {"model": "materials.materialproperty", "pk": 11, "fields": {"created_at": "2021-06-08T19:54:16.596Z", "last_modified": "2021-06-08", "modified_by": null, "name": "kj_char", "symbol": null, "description": "kj_char", "unit": 14}}, {"model": "materials.materialproperty", "pk": 12, "fields": {"created_at": "2021-06-08T19:54:16.603Z", "last_modified": "2021-06-08", "modified_by": null, "name": "kk_char", "symbol": null, "description": "kk_char", "unit": 14}}, {"model": "materials.materialproperty", "pk": 13, "fields": {"created_at": "2021-06-08T19:54:16.609Z", "last_modified": "2021-06-08", "modified_by": null, "name": "emissivity_char", "symbol": null, "description": "emissivity_char", "unit": 33}}, {"model": "materials.materialproperty", "pk": 14, "fields": {"created_at": "2021-06-08T19:54:16.616Z", "last_modified": "2021-06-08", "modified_by": null, "name": "absorptivity_char", "symbol": null, "description": "absorptivity_char", "unit": 33}}, {"model": "materials.materialproperty", "pk": 15, "fields": {"created_at": "2021-06-10T00:31:28.936Z", "last_modified": "2021-06-10", "modified_by": null, "name": "nSolidPhases", "symbol": null, "description": "nSolidPhases", "unit": 33}}, {"model": "materials.materialproperty", "pk": 16, "fields": {"created_at": "2021-06-10T00:31:28.943Z", "last_modified": "2021-06-10", "modified_by": null, "name": "rhoI[1]", "symbol": null, "description": "rhoI[1]", "unit": 33}}, {"model": "materials.materialproperty", "pk": 17, "fields": {"created_at": "2021-06-10T00:31:28.950Z", "last_modified": "2021-06-10", "modified_by": null, "name": "epsI[1]", "symbol": null, "description": "epsI[1]", "unit": 33}}, {"model": "materials.materialproperty", "pk": 18, "fields": {"created_at": "2021-06-10T00:31:28.957Z", "last_modified": "2021-06-10", "modified_by": null, "name": "K_v", "symbol": null, "description": "K_v", "unit": 20}}, {"model": "materials.materialproperty", "pk": 19, "fields": {"created_at": "2021-06-10T00:31:28.965Z", "last_modified": "2021-06-10", "modified_by": null, "name": "K_c", "symbol": null, "description": "K_c", "unit": 20}}, {"model": "materials.materialproperty", "pk": 20, "fields": {"created_at": "2021-06-10T00:31:28.972Z", "last_modified": "2021-06-10", "modified_by": null, "name": "eps_g_v", "symbol": null, "description": "eps_g_v", "unit": 33}}, {"model": "materials.materialproperty", "pk": 21, "fields": {"created_at": "2021-06-10T00:31:28.979Z", "last_modified": "2021-06-10", "modified_by": null, "name": "eps_g_c", "symbol": null, "description": "eps_g_c", "unit": 33}}, {"model": "materials.materialproperty", "pk": 22, "fields": {"created_at": "2021-06-10T00:31:28.986Z", "last_modified": "2021-06-10", "modified_by": null, "name": "Zx[C]", "symbol": null, "description": "Zx[C]", "unit": 33}}, {"model": "materials.materialproperty", "pk": 23, "fields": {"created_at": "2021-06-10T00:31:28.993Z", "last_modified": "2021-06-10", "modified_by": null, "name": "Zx[H]", "symbol": null, "description": "Zx[H]", "unit": 33}}, {"model": "materials.materialproperty", "pk": 24, "fields": {"created_at": "2021-06-10T00:31:29.000Z", "last_modified": "2021-06-10", "modified_by": null, "name": "Zx[O]", "symbol": null, "description": "Zx[O]", "unit": 33}}, {"model": "materials.materialproperty", "pk": 25, "fields": {"created_at": "2021-06-10T00:31:29.114Z", "last_modified": "2021-06-10", "modified_by": null, "name": "rhoI[2]", "symbol": null, "description": "rhoI[2]", "unit": 33}}, {"model": "materials.materialproperty", "pk": 26, "fields": {"created_at": "2021-06-10T00:31:29.120Z", "last_modified": "2021-06-10", "modified_by": null, "name": "epsI[2]", "symbol": null, "description": "epsI[2]", "unit": 33}}, {"model": "materials.materialproperty", "pk": 27, "fields": {"created_at": "2021-06-10T00:31:29.169Z", "last_modified": "2021-06-10", "modified_by": null, "name": "F[2][1]", "symbol": null, "description": "F[2][1]", "unit": 33}}, {"model": "materials.materialproperty", "pk": 28, "fields": {"created_at": "2021-06-10T00:31:29.176Z", "last_modified": "2021-06-10", "modified_by": null, "name": "A[2][1]", "symbol": null, "description": "A[2][1]", "unit": 9}}, {"model": "materials.materialproperty", "pk": 29, "fields": {"created_at": "2021-06-10T00:31:29.182Z", "last_modified": "2021-06-10", "modified_by": null, "name": "E[2][1]", "symbol": null, "description": "E[2][1]", "unit": 16}}, {"model": "materials.materialproperty", "pk": 30, "fields": {"created_at": "2021-06-10T00:31:29.190Z", "last_modified": "2021-06-10", "modified_by": null, "name": "m[2][1]", "symbol": null, "description": "m[2][1]", "unit": 33}}, {"model": "materials.materialproperty", "pk": 31, "fields": {"created_at": "2021-06-10T00:31:29.197Z", "last_modified": "2021-06-10", "modified_by": null, "name": "n[2][1]", "symbol": null, "description": "n[2][1]", "unit": 33}}, {"model": "materials.materialproperty", "pk": 32, "fields": {"created_at": "2021-06-10T00:31:29.204Z", "last_modified": "2021-06-10", "modified_by": null, "name": "T[2][1]", "symbol": null, "description": "T[2][1]", "unit": 12}}, {"model": "materials.materialproperty", "pk": 33, "fields": {"created_at": "2021-06-10T00:31:29.211Z", "last_modified": "2021-06-10", "modified_by": null, "name": "h[2][1]", "symbol": null, "description": "h[2][1]", "unit": 19}}, {"model": "materials.materialproperty", "pk": 34, "fields": {"created_at": "2021-06-10T00:31:29.220Z", "last_modified": "2021-06-10", "modified_by": null, "name": "F[2][2]", "symbol": null, "description": "F[2][2]", "unit": 33}}, {"model": "materials.materialproperty", "pk": 35, "fields": {"created_at": "2021-06-10T00:31:29.227Z", "last_modified": "2021-06-10", "modified_by": null, "name": "A[2][2]", "symbol": null, "description": "A[2][2]", "unit": 9}}, {"model": "materials.materialproperty", "pk": 36, "fields": {"created_at": "2021-06-10T00:31:29.235Z", "last_modified": "2021-06-10", "modified_by": null, "name": "E[2][2]", "symbol": null, "description": "E[2][2]", "unit": 16}}, {"model": "materials.materialproperty", "pk": 37, "fields": {"created_at": "2021-06-10T00:31:29.242Z", "last_modified": "2021-06-10", "modified_by": null, "name": "m[2][2]", "symbol": null, "description": "m[2][2]", "unit": 33}}, {"model": "materials.materialproperty", "pk": 38, "fields": {"created_at": "2021-06-10T00:31:29.249Z", "last_modified": "2021-06-10", "modified_by": null, "name": "n[2][2]", "symbol": null, "description": "n[2][2]", "unit": 33}}, {"model": "materials.materialproperty", "pk": 39, "fields": {"created_at": "2021-06-10T00:31:29.256Z", "last_modified": "2021-06-10", "modified_by": null, "name": "T[2][2]", "symbol": null, "description": "T[2][2]", "unit": 12}}, {"model": "materials.materialproperty", "pk": 40, "fields": {"created_at": "2021-06-10T00:31:29.263Z", "last_modified": "2021-06-10", "modified_by": null, "name": "h[2][2]", "symbol": null, "description": "h[2][2]", "unit": 19}}, {"model": "materials.materialproperty", "pk": 41, "fields": {"created_at": "2021-06-10T00:31:29.270Z", "last_modified": "2021-06-10", "modified_by": null, "name": "F[2][3]", "symbol": null, "description": "F[2][3]", "unit": 33}}, {"model": "materials.materialproperty", "pk": 42, "fields": {"created_at": "2021-06-10T00:31:29.276Z", "last_modified": "2021-06-10", "modified_by": null, "name": "A[2][3]", "symbol": null, "description": "A[2][3]", "unit": 9}}, {"model": "materials.materialproperty", "pk": 43, "fields": {"created_at": "2021-06-10T00:31:29.284Z", "last_modified": "2021-06-10", "modified_by": null, "name": "E[2][3]", "symbol": null, "description": "E[2][3]", "unit": 16}}, {"model": "materials.materialproperty", "pk": 44, "fields": {"created_at": "2021-06-10T00:31:29.290Z", "last_modified": "2021-06-10", "modified_by": null, "name": "m[2][3]", "symbol": null, "description": "m[2][3]", "unit": 33}}, {"model": "materials.materialproperty", "pk": 45, "fields": {"created_at": "2021-06-10T00:31:29.298Z", "last_modified": "2021-06-10", "modified_by": null, "name": "n[2][3]", "symbol": null, "description": "n[2][3]", "unit": 33}}, {"model": "materials.materialproperty", "pk": 46, "fields": {"created_at": "2021-06-10T00:31:29.304Z", "last_modified": "2021-06-10", "modified_by": null, "name": "T[2][3]", "symbol": null, "description": "T[2][3]", "unit": 12}}, {"model": "materials.materialproperty", "pk": 47, "fields": {"created_at": "2021-06-10T00:31:29.311Z", "last_modified": "2021-06-10", "modified_by": null, "name": "h[2][3]", "symbol": null, "description": "h[2][3]", "unit": 19}}, {"model": "materials.materialproperty", "pk": 48, "fields": {"created_at": "2021-06-10T00:31:29.318Z", "last_modified": "2021-06-10", "modified_by": null, "name": "nPyroReac[1]", "symbol": null, "description": "nPyroReac[1]", "unit": 33}}, {"model": "materials.materialproperty", "pk": 49, "fields": {"created_at": "2021-06-10T00:31:29.324Z", "last_modified": "2021-06-10", "modified_by": null, "name": "nPyroReac[2]", "symbol": null, "description": "nPyroReac[2]", "unit": 33}}, {"model": "materials.materialpropertyinstance", "pk": 1, "fields": {"created_at": "2021-06-08T19:54:16.526Z", "last_modified": "2021-06-10", "modified_by": null, "property": 1, "material_version": 1, "state": 0}}, {"model": "materials.materialpropertyinstance", "pk": 2, "fields": {"created_at": "2021-06-08T19:54:16.535Z", "last_modified": "2021-06-10", "modified_by": null, "property": 2, "material_version": 1, "state": 0}}, {"model": "materials.materialpropertyinstance", "pk": 3, "fields": {"created_at": "2021-06-08T19:54:16.542Z", "last_modified": "2021-06-10", "modified_by": null, "property": 3, "material_version": 1, "state": 0}}, {"model": "materials.materialpropertyinstance", "pk": 4, "fields": {"created_at": "2021-06-08T19:54:16.549Z", "last_modified": "2021-06-10", "modified_by": null, "property": 4, "material_version": 1, "state": 0}}, {"model": "materials.materialpropertyinstance", "pk": 5, "fields": {"created_at": "2021-06-08T19:54:16.556Z", "last_modified": "2021-06-10", "modified_by": null, "property": 5, "material_version": 1, "state": 0}}, {"model": "materials.materialpropertyinstance", "pk": 6, "fields": {"created_at": "2021-06-08T19:54:16.563Z", "last_modified": "2021-06-10", "modified_by": null, "property": 6, "material_version": 1, "state": 0}}, {"model": "materials.materialpropertyinstance", "pk": 7, "fields": {"created_at": "2021-06-08T19:54:16.570Z", "last_modified": "2021-06-10", "modified_by": null, "property": 7, "material_version": 1, "state": 0}}, {"model": "materials.materialpropertyinstance", "pk": 8, "fields": {"created_at": "2021-06-08T19:54:16.578Z", "last_modified": "2021-06-10", "modified_by": null, "property": 8, "material_version": 1, "state": 1}}, {"model": "materials.materialpropertyinstance", "pk": 9, "fields": {"created_at": "2021-06-08T19:54:16.585Z", "last_modified": "2021-06-10", "modified_by": null, "property": 9, "material_version": 1, "state": 1}}, {"model": "materials.materialpropertyinstance", "pk": 10, "fields": {"created_at": "2021-06-08T19:54:16.591Z", "last_modified": "2021-06-10", "modified_by": null, "property": 10, "material_version": 1, "state": 1}}, {"model": "materials.materialpropertyinstance", "pk": 11, "fields": {"created_at": "2021-06-08T19:54:16.598Z", "last_modified": "2021-06-10", "modified_by": null, "property": 11, "material_version": 1, "state": 1}}, {"model": "materials.materialpropertyinstance", "pk": 12, "fields": {"created_at": "2021-06-08T19:54:16.604Z", "last_modified": "2021-06-10", "modified_by": null, "property": 12, "material_version": 1, "state": 1}}, {"model": "materials.materialpropertyinstance", "pk": 13, "fields": {"created_at": "2021-06-08T19:54:16.611Z", "last_modified": "2021-06-10", "modified_by": null, "property": 13, "material_version": 1, "state": 1}}, {"model": "materials.materialpropertyinstance", "pk": 14, "fields": {"created_at": "2021-06-08T19:54:16.617Z", "last_modified": "2021-06-10", "modified_by": null, "property": 14, "material_version": 1, "state": 1}}, {"model": "materials.materialpropertyinstance", "pk": 15, "fields": {"created_at": "2021-06-08T19:55:06.342Z", "last_modified": "2021-06-10", "modified_by": null, "property": 1, "material_version": 2, "state": 0}}, {"model": "materials.materialpropertyinstance", "pk": 16, "fields": {"created_at": "2021-06-08T19:55:06.349Z", "last_modified": "2021-06-10", "modified_by": null, "property": 2, "material_version": 2, "state": 0}}, {"model": "materials.materialpropertyinstance", "pk": 17, "fields": {"created_at": "2021-06-08T19:55:06.356Z", "last_modified": "2021-06-10", "modified_by": null, "property": 3, "material_version": 2, "state": 0}}, {"model": "materials.materialpropertyinstance", "pk": 18, "fields": {"created_at": "2021-06-08T19:55:06.362Z", "last_modified": "2021-06-10", "modified_by": null, "property": 4, "material_version": 2, "state": 0}}, {"model": "materials.materialpropertyinstance", "pk": 19, "fields": {"created_at": "2021-06-08T19:55:06.368Z", "last_modified": "2021-06-10", "modified_by": null, "property": 5, "material_version": 2, "state": 0}}, {"model": "materials.materialpropertyinstance", "pk": 20, "fields": {"created_at": "2021-06-08T19:55:06.374Z", "last_modified": "2021-06-10", "modified_by": null, "property": 6, "material_version": 2, "state": 0}}, {"model": "materials.materialpropertyinstance", "pk": 21, "fields": {"created_at": "2021-06-08T19:55:06.380Z", "last_modified": "2021-06-10", "modified_by": null, "property": 7, "material_version": 2, "state": 0}}, {"model": "materials.materialpropertyinstance", "pk": 22, "fields": {"created_at": "2021-06-08T19:55:06.386Z", "last_modified": "2021-06-10", "modified_by": null, "property": 8, "material_version": 2, "state": 1}}, {"model": "materials.materialpropertyinstance", "pk": 23, "fields": {"created_at": "2021-06-08T19:55:06.392Z", "last_modified": "2021-06-10", "modified_by": null, "property": 9, "material_version": 2, "state": 1}}, {"model": "materials.materialpropertyinstance", "pk": 24, "fields": {"created_at": "2021-06-08T19:55:06.398Z", "last_modified": "2021-06-10", "modified_by": null, "property": 10, "material_version": 2, "state": 1}}, {"model": "materials.materialpropertyinstance", "pk": 25, "fields": {"created_at": "2021-06-08T19:55:06.404Z", "last_modified": "2021-06-10", "modified_by": null, "property": 11, "material_version": 2, "state": 1}}, {"model": "materials.materialpropertyinstance", "pk": 26, "fields": {"created_at": "2021-06-08T19:55:06.410Z", "last_modified": "2021-06-10", "modified_by": null, "property": 12, "material_version": 2, "state": 1}}, {"model": "materials.materialpropertyinstance", "pk": 27, "fields": {"created_at": "2021-06-08T19:55:06.416Z", "last_modified": "2021-06-10", "modified_by": null, "property": 13, "material_version": 2, "state": 1}}, {"model": "materials.materialpropertyinstance", "pk": 28, "fields": {"created_at": "2021-06-08T19:55:06.422Z", "last_modified": "2021-06-10", "modified_by": null, "property": 14, "material_version": 2, "state": 1}}, {"model": "materials.materialpropertyinstance", "pk": 43, "fields": {"created_at": "2021-06-10T00:31:28.938Z", "last_modified": "2021-06-10", "modified_by": null, "property": 15, "material_version": 1, "state": 0}}, {"model": "materials.materialpropertyinstance", "pk": 44, "fields": {"created_at": "2021-06-10T00:31:28.945Z", "last_modified": "2021-06-10", "modified_by": null, "property": 16, "material_version": 1, "state": 0}}, {"model": "materials.materialpropertyinstance", "pk": 45, "fields": {"created_at": "2021-06-10T00:31:28.952Z", "last_modified": "2021-06-10", "modified_by": null, "property": 17, "material_version": 1, "state": 0}}, {"model": "materials.materialpropertyinstance", "pk": 46, "fields": {"created_at": "2021-06-10T00:31:28.959Z", "last_modified": "2021-06-10", "modified_by": null, "property": 18, "material_version": 1, "state": 0}}, {"model": "materials.materialpropertyinstance", "pk": 47, "fields": {"created_at": "2021-06-10T00:31:28.966Z", "last_modified": "2021-06-10", "modified_by": null, "property": 19, "material_version": 1, "state": 1}}, {"model": "materials.materialpropertyinstance", "pk": 48, "fields": {"created_at": "2021-06-10T00:31:28.974Z", "last_modified": "2021-06-10", "modified_by": null, "property": 20, "material_version": 1, "state": 0}}, {"model": "materials.materialpropertyinstance", "pk": 49, "fields": {"created_at": "2021-06-10T00:31:28.981Z", "last_modified": "2021-06-10", "modified_by": null, "property": 21, "material_version": 1, "state": 1}}, {"model": "materials.materialpropertyinstance", "pk": 50, "fields": {"created_at": "2021-06-10T00:31:28.988Z", "last_modified": "2021-06-10", "modified_by": null, "property": 22, "material_version": 1, "state": 2}}, {"model": "materials.materialpropertyinstance", "pk": 51, "fields": {"created_at": "2021-06-10T00:31:28.995Z", "last_modified": "2021-06-10", "modified_by": null, "property": 23, "material_version": 1, "state": 2}}, {"model": "materials.materialpropertyinstance", "pk": 52, "fields": {"created_at": "2021-06-10T00:31:29.002Z", "last_modified": "2021-06-10", "modified_by": null, "property": 24, "material_version": 1, "state": 2}}, {"model": "materials.materialpropertyinstance", "pk": 53, "fields": {"created_at": "2021-06-10T00:31:29.099Z", "last_modified": "2021-06-10", "modified_by": null, "property": 15, "material_version": 2, "state": 0}}, {"model": "materials.materialpropertyinstance", "pk": 54, "fields": {"created_at": "2021-06-10T00:31:29.104Z", "last_modified": "2021-06-10", "modified_by": null, "property": 16, "material_version": 2, "state": 0}}, {"model": "materials.materialpropertyinstance", "pk": 55, "fields": {"created_at": "2021-06-10T00:31:29.109Z", "last_modified": "2021-06-10", "modified_by": null, "property": 17, "material_version": 2, "state": 0}}, {"model": "materials.materialpropertyinstance", "pk": 56, "fields": {"created_at": "2021-06-10T00:31:29.116Z", "last_modified": "2021-06-10", "modified_by": null, "property": 25, "material_version": 2, "state": 0}}, {"model": "materials.materialpropertyinstance", "pk": 57, "fields": {"created_at": "2021-06-10T00:31:29.122Z", "last_modified": "2021-06-10", "modified_by": null, "property": 26, "material_version": 2, "state": 0}}, {"model": "materials.materialpropertyinstance", "pk": 58, "fields": {"created_at": "2021-06-10T00:31:29.128Z", "last_modified": "2021-06-10", "modified_by": null, "property": 18, "material_version": 2, "state": 0}}, {"model": "materials.materialpropertyinstance", "pk": 59, "fields": {"created_at": "2021-06-10T00:31:29.135Z", "last_modified": "2021-06-10", "modified_by": null, "property": 19, "material_version": 2, "state": 1}}, {"model": "materials.materialpropertyinstance", "pk": 60, "fields": {"created_at": "2021-06-10T00:31:29.140Z", "last_modified": "2021-06-10", "modified_by": null, "property": 20, "material_version": 2, "state": 0}}, {"model": "materials.materialpropertyinstance", "pk": 61, "fields": {"created_at": "2021-06-10T00:31:29.146Z", "last_modified": "2021-06-10", "modified_by": null, "property": 21, "material_version": 2, "state": 1}}, {"model": "materials.materialpropertyinstance", "pk": 62, "fields": {"created_at": "2021-06-10T00:31:29.152Z", "last_modified": "2021-06-10", "modified_by": null, "property": 22, "material_version": 2, "state": 2}}, {"model": "materials.materialpropertyinstance", "pk": 63, "fields": {"created_at": "2021-06-10T00:31:29.158Z", "last_modified": "2021-06-10", "modified_by": null, "property": 23, "material_version": 2, "state": 2}}, {"model": "materials.materialpropertyinstance", "pk": 64, "fields": {"created_at": "2021-06-10T00:31:29.164Z", "last_modified": "2021-06-10", "modified_by": null, "property": 24, "material_version": 2, "state": 2}}, {"model": "materials.materialpropertyinstance", "pk": 65, "fields": {"created_at": "2021-06-10T00:31:29.170Z", "last_modified": "2021-06-10", "modified_by": null, "property": 27, "material_version": 2, "state": 2}}, {"model": "materials.materialpropertyinstance", "pk": 66, "fields": {"created_at": "2021-06-10T00:31:29.177Z", "last_modified": "2021-06-10", "modified_by": null, "property": 28, "material_version": 2, "state": 2}}, {"model": "materials.materialpropertyinstance", "pk": 67, "fields": {"created_at": "2021-06-10T00:31:29.185Z", "last_modified": "2021-06-10", "modified_by": null, "property": 29, "material_version": 2, "state": 2}}, {"model": "materials.materialpropertyinstance", "pk": 68, "fields": {"created_at": "2021-06-10T00:31:29.192Z", "last_modified": "2021-06-10", "modified_by": null, "property": 30, "material_version": 2, "state": 2}}, {"model": "materials.materialpropertyinstance", "pk": 69, "fields": {"created_at": "2021-06-10T00:31:29.199Z", "last_modified": "2021-06-10", "modified_by": null, "property": 31, "material_version": 2, "state": 2}}, {"model": "materials.materialpropertyinstance", "pk": 70, "fields": {"created_at": "2021-06-10T00:31:29.206Z", "last_modified": "2021-06-10", "modified_by": null, "property": 32, "material_version": 2, "state": 2}}, {"model": "materials.materialpropertyinstance", "pk": 71, "fields": {"created_at": "2021-06-10T00:31:29.214Z", "last_modified": "2021-06-10", "modified_by": null, "property": 33, "material_version": 2, "state": 2}}, {"model": "materials.materialpropertyinstance", "pk": 72, "fields": {"created_at": "2021-06-10T00:31:29.222Z", "last_modified": "2021-06-10", "modified_by": null, "property": 34, "material_version": 2, "state": 2}}, {"model": "materials.materialpropertyinstance", "pk": 73, "fields": {"created_at": "2021-06-10T00:31:29.229Z", "last_modified": "2021-06-10", "modified_by": null, "property": 35, "material_version": 2, "state": 2}}, {"model": "materials.materialpropertyinstance", "pk": 74, "fields": {"created_at": "2021-06-10T00:31:29.237Z", "last_modified": "2021-06-10", "modified_by": null, "property": 36, "material_version": 2, "state": 2}}, {"model": "materials.materialpropertyinstance", "pk": 75, "fields": {"created_at": "2021-06-10T00:31:29.244Z", "last_modified": "2021-06-10", "modified_by": null, "property": 37, "material_version": 2, "state": 2}}, {"model": "materials.materialpropertyinstance", "pk": 76, "fields": {"created_at": "2021-06-10T00:31:29.251Z", "last_modified": "2021-06-10", "modified_by": null, "property": 38, "material_version": 2, "state": 2}}, {"model": "materials.materialpropertyinstance", "pk": 77, "fields": {"created_at": "2021-06-10T00:31:29.258Z", "last_modified": "2021-06-10", "modified_by": null, "property": 39, "material_version": 2, "state": 2}}, {"model": "materials.materialpropertyinstance", "pk": 78, "fields": {"created_at": "2021-06-10T00:31:29.265Z", "last_modified": "2021-06-10", "modified_by": null, "property": 40, "material_version": 2, "state": 2}}, {"model": "materials.materialpropertyinstance", "pk": 79, "fields": {"created_at": "2021-06-10T00:31:29.271Z", "last_modified": "2021-06-10", "modified_by": null, "property": 41, "material_version": 2, "state": 2}}, {"model": "materials.materialpropertyinstance", "pk": 80, "fields": {"created_at": "2021-06-10T00:31:29.278Z", "last_modified": "2021-06-10", "modified_by": null, "property": 42, "material_version": 2, "state": 2}}, {"model": "materials.materialpropertyinstance", "pk": 81, "fields": {"created_at": "2021-06-10T00:31:29.285Z", "last_modified": "2021-06-10", "modified_by": null, "property": 43, "material_version": 2, "state": 2}}, {"model": "materials.materialpropertyinstance", "pk": 82, "fields": {"created_at": "2021-06-10T00:31:29.293Z", "last_modified": "2021-06-10", "modified_by": null, "property": 44, "material_version": 2, "state": 2}}, {"model": "materials.materialpropertyinstance", "pk": 83, "fields": {"created_at": "2021-06-10T00:31:29.300Z", "last_modified": "2021-06-10", "modified_by": null, "property": 45, "material_version": 2, "state": 2}}, {"model": "materials.materialpropertyinstance", "pk": 84, "fields": {"created_at": "2021-06-10T00:31:29.306Z", "last_modified": "2021-06-10", "modified_by": null, "property": 46, "material_version": 2, "state": 2}}, {"model": "materials.materialpropertyinstance", "pk": 85, "fields": {"created_at": "2021-06-10T00:31:29.313Z", "last_modified": "2021-06-10", "modified_by": null, "property": 47, "material_version": 2, "state": 2}}, {"model": "materials.materialpropertyinstance", "pk": 86, "fields": {"created_at": "2021-06-10T00:31:29.320Z", "last_modified": "2021-06-10", "modified_by": null, "property": 48, "material_version": 2, "state": 2}}, {"model": "materials.materialpropertyinstance", "pk": 87, "fields": {"created_at": "2021-06-10T00:31:29.326Z", "last_modified": "2021-06-10", "modified_by": null, "property": 49, "material_version": 2, "state": 2}}, {"model": "materials.variableproperty", "pk": 1, "fields": {"created_at": "2021-06-08T19:54:16.530Z", "last_modified": "2021-06-10", "modified_by": null, "property_instance": 1, "p": "[1.e+06 1.e+06 1.e+01 1.e+01]", "T": "[ 273. 3330.  273. 3330.]", "values": "[2630. 2630. 2630. 2630.]"}}, {"model": "materials.variableproperty", "pk": 2, "fields": {"created_at": "2021-06-08T19:54:16.537Z", "last_modified": "2021-06-10", "modified_by": null, "property_instance": 2, "p": "[1.e+06 1.e+06 1.e+01 1.e+01]", "T": "[ 273. 3330.  273. 3330.]", "values": "[      0. 8030000.       0. 8030000.]"}}, {"model": "materials.variableproperty", "pk": 3, "fields": {"created_at": "2021-06-08T19:54:16.544Z", "last_modified": "2021-06-10", "modified_by": null, "property_instance": 3, "p": "[1.e+06 1.e+06 1.e+01 1.e+01]", "T": "[ 273. 3330.  273. 3330.]", "values": "[0.0805 0.0805 0.0805 0.0805]"}}, {"model": "materials.variableproperty", "pk": 4, "fields": {"created_at": "2021-06-08T19:54:16.551Z", "last_modified": "2021-06-10", "modified_by": null, "property_instance": 4, "p": "[1.e+06 1.e+06 1.e+01 1.e+01]", "T": "[ 273. 3330.  273. 3330.]", "values": "[0.0805 0.0805 0.0805 0.0805]"}}, {"model": "materials.variableproperty", "pk": 5, "fields": {"created_at": "2021-06-08T19:54:16.558Z", "last_modified": "2021-06-10", "modified_by": null, "property_instance": 5, "p": "[1.e+06 1.e+06 1.e+01 1.e+01]", "T": "[ 273. 3330.  273. 3330.]", "values": "[0.0805 0.0805 0.0805 0.0805]"}}, {"model": "materials.variableproperty", "pk": 6, "fields": {"created_at": "2021-06-08T19:54:16.565Z", "last_modified": "2021-06-10", "modified_by": null, "property_instance": 6, "p": "[1.e+06 1.e+06 1.e+01 1.e+01]", "T": "[ 273. 3330.  273. 3330.]", "values": "[0.9 0.9 0.9 0.9]"}}, {"model": "materials.variableproperty", "pk": 7, "fields": {"created_at": "2021-06-08T19:54:16.572Z", "last_modified": "2021-06-10", "modified_by": null, "property_instance": 7, "p": "[1.e+06 1.e+06 1.e+01 1.e+01]", "T": "[ 273. 3330.  273. 3330.]", "values": "[0.9 0.9 0.9 0.9]"}}, {"model": "materials.variableproperty", "pk": 8, "fields": {"created_at": "2021-06-08T19:54:16.579Z", "last_modified": "2021-06-10", "modified_by": null, "property_instance": 8, "p": "[1.e+06 1.e+06 1.e+01 1.e+01]", "T": "[ 273. 3330.  273. 3330.]", "values": "[2630. 2630. 2630. 2630.]"}}, {"model": "materials.variableproperty", "pk": 9, "fields": {"created_at": "2021-06-08T19:54:16.586Z", "last_modified": "2021-06-10", "modified_by": null, "property_instance": 9, "p": "[1.e+06 1.e+06 1.e+01 1.e+01]", "T": "[ 273. 3330.  273. 3330.]", "values": "[      0. 8030000.       0. 8030000.]"}}, {"model": "materials.variableproperty", "pk": 10, "fields": {"created_at": "2021-06-08T19:54:16.592Z", "last_modified": "2021-06-10", "modified_by": null, "property_instance": 10, "p": "[1.e+06 1.e+06 1.e+01 1.e+01]", "T": "[ 273. 3330.  273. 3330.]", "values": "[0.0805 0.0805 0.0805 0.0805]"}}, {"model": "materials.variableproperty", "pk": 11, "fields": {"created_at": "2021-06-08T19:54:16.600Z", "last_modified": "2021-06-10", "modified_by": null, "property_instance": 11, "p": "[1.e+06 1.e+06 1.e+01 1.e+01]", "T": "[ 273. 3330.  273. 3330.]", "values": "[0.0805 0.0805 0.0805 0.0805]"}}, {"model": "materials.variableproperty", "pk": 12, "fields": {"created_at": "2021-06-08T19:54:16.606Z", "last_modified": "2021-06-10", "modified_by": null, "property_instance": 12, "p": "[1.e+06 1.e+06 1.e+01 1.e+01]", "T": "[ 273. 3330.  273. 3330.]", "values": "[0.0805 0.0805 0.0805 0.0805]"}}, {"model": "materials.variableproperty", "pk": 13, "fields": {"created_at": "2021-06-08T19:54:16.612Z", "last_modified": "2021-06-10", "modified_by": null, "property_instance": 13, "p": "[1.e+06 1.e+06 1.e+01 1.e+01]", "T": "[ 273. 3330.  273. 3330.]", "values": "[0.9 0.9 0.9 0.9]"}}, {"model": "materials.variableproperty", "pk": 14, "fields": {"created_at": "2021-06-08T19:54:16.619Z", "last_modified": "2021-06-10", "modified_by": null, "property_instance": 14, "p": "[1.e+06 1.e+06 1.e+01 1.e+01]", "T": "[ 273. 3330.  273. 3330.]", "values": "[0.9 0.9 0.9 0.9]"}}, {"model": "materials.variableproperty", "pk": 15, "fields": {"created_at": "2021-06-08T19:55:06.345Z", "last_modified": "2021-06-10", "modified_by": null, "property_instance": 15, "p": "[1.e+06 1.e+06 1.e+06 1.e+06 1.e+06 1.e+06 1.e+06 1.e+06 1.e+06 1.e+06\n 1.e+06 1.e+06 1.e+06 1.e+06 1.e+00 1.e+00 1.e+00 1.e+00 1.e+00 1.e+00\n 1.e+00 1.e+00 1.e+00 1.e+00 1.e+00 1.e+00 1.e+00 1.e+00]", "T": "[ 256.  298.  444.  556.  644.  833. 1110. 1390. 1670. 1940. 2220. 2780.\n 3330. 4000.  256.  298.  444.  556.  644.  833. 1110. 1390. 1670. 1940.\n 2220. 2780. 3330. 4000.]", "values": "[ 879.  984. 1300. 1470. 1570. 1720. 1860. 1930. 1980. 1990. 2000. 2010.\n 2010. 2010.  879.  984. 1300. 1470. 1570. 1720. 1860. 1930. 1980. 1990.\n 2000. 2010. 2010. 2010.]"}}, {"model": "materials.variableproperty", "pk": 16, "fields": {"created_at": "2021-06-08T19:55:06.351Z", "last_modified": "2021-06-10", "modified_by": null, "property_instance": 16, "p": "[1.e+06 1.e+06 1.e+06 1.e+06 1.e+06 1.e+06 1.e+06 1.e+06 1.e+06 1.e+06\n 1.e+06 1.e+06 1.e+06 1.e+06 1.e+00 1.e+00 1.e+00 1.e+00 1.e+00 1.e+00\n 1.e+00 1.e+00 1.e+00 1.e+00 1.e+00 1.e+00 1.e+00 1.e+00]", "T": "[ 256.  298.  444.  556.  644.  833. 1110. 1390. 1670. 1940. 2220. 2780.\n 3330. 4000.  256.  298.  444.  556.  644.  833. 1110. 1390. 1670. 1940.\n 2220. 2780. 3330. 4000.]", "values": "[-897000. -857000. -690000. -537000. -402000.  -91200.  406000.  933000.\n 1480000. 2030000. 2580000. 3700000. 4810000. 6150000. -897000. -857000.\n -690000. -537000. -402000.  -91200.  406000.  933000. 1480000. 2030000.\n 2580000. 3700000. 4810000. 6150000.]"}}, {"model": "materials.variableproperty", "pk": 17, "fields": {"created_at": "2021-06-08T19:55:06.358Z", "last_modified": "2021-06-10", "modified_by": null, "property_instance": 17, "p": "[1.e+06 1.e+06 1.e+06 1.e+06 1.e+06 1.e+06 1.e+06 1.e+06 1.e+06 1.e+06\n 1.e+06 1.e+06 1.e+06 1.e+06 1.e+00 1.e+00 1.e+00 1.e+00 1.e+00 1.e+00\n 1.e+00 1.e+00 1.e+00 1.e+00 1.e+00 1.e+00 1.e+00 1.e+00]", "T": "[ 256.  298.  444.  556.  644.  833. 1110. 1390. 1670. 1940. 2220. 2780.\n 3330. 4000.  256.  298.  444.  556.  644.  833. 1110. 1390. 1670. 1940.\n 2220. 2780. 3330. 4000.]", "values": "[0.398 0.403 0.416 0.453 0.47  0.486 0.523 0.56  0.698 0.872 1.11  1.75\n 2.78  2.78  0.398 0.403 0.416 0.453 0.47  0.486 0.523 0.56  0.698 0.872\n 1.11  1.75  2.78  2.78 ]"}}, {"model": "materials.variableproperty", "pk": 18, "fields": {"created_at": "2021-06-08T19:55:06.364Z", "last_modified": "2021-06-10", "modified_by": null, "property_instance": 18, "p": "[1.e+06 1.e+06 1.e+06 1.e+06 1.e+06 1.e+06 1.e+06 1.e+06 1.e+06 1.e+06\n 1.e+06 1.e+06 1.e+06 1.e+06 1.e+00 1.e+00 1.e+00 1.e+00 1.e+00 1.e+00\n 1.e+00 1.e+00 1.e+00 1.e+00 1.e+00 1.e+00 1.e+00 1.e+00]", "T": "[ 256.  298.  444.  556.  644.  833. 1110. 1390. 1670. 1940. 2220. 2780.\n 3330. 4000.  256.  298.  444.  556.  644.  833. 1110. 1390. 1670. 1940.\n 2220. 2780. 3330. 4000.]", "values": "[0.398 0.403 0.416 0.453 0.47  0.486 0.523 0.56  0.698 0.872 1.11  1.75\n 2.78  2.78  0.398 0.403 0.416 0.453 0.47  0.486 0.523 0.56  0.698 0.872\n 1.11  1.75  2.78  2.78 ]"}}, {"model": "materials.variableproperty", "pk": 19, "fields": {"created_at": "2021-06-08T19:55:06.370Z", "last_modified": "2021-06-10", "modified_by": null, "property_instance": 19, "p": "[1.e+06 1.e+06 1.e+06 1.e+06 1.e+06 1.e+06 1.e+06 1.e+06 1.e+06 1.e+06\n 1.e+06 1.e+06 1.e+06 1.e+06 1.e+00 1.e+00 1.e+00 1.e+00 1.e+00 1.e+00\n 1.e+00 1.e+00 1.e+00 1.e+00 1.e+00 1.e+00 1.e+00 1.e+00]", "T": "[ 256.  298.  444.  556.  644.  833. 1110. 1390. 1670. 1940. 2220. 2780.\n 3330. 4000.  256.  298.  444.  556.  644.  833. 1110. 1390. 1670. 1940.\n 2220. 2780. 3330. 4000.]", "values": "[0.398 0.403 0.416 0.453 0.47  0.486 0.523 0.56  0.698 0.872 1.11  1.75\n 2.78  2.78  0.398 0.403 0.416 0.453 0.47  0.486 0.523 0.56  0.698 0.872\n 1.11  1.75  2.78  2.78 ]"}}, {"model": "materials.variableproperty", "pk": 20, "fields": {"created_at": "2021-06-08T19:55:06.376Z", "last_modified": "2021-06-10", "modified_by": null, "property_instance": 20, "p": "[1.e+06 1.e+06 1.e+06 1.e+06 1.e+06 1.e+06 1.e+06 1.e+06 1.e+06 1.e+06\n 1.e+06 1.e+06 1.e+06 1.e+06 1.e+00 1.e+00 1.e+00 1.e+00 1.e+00 1.e+00\n 1.e+00 1.e+00 1.e+00 1.e+00 1.e+00 1.e+00 1.e+00 1.e+00]", "T": "[ 256.  298.  444.  556.  644.  833. 1110. 1390. 1670. 1940. 2220. 2780.\n 3330. 4000.  256.  298.  444.  556.  644.  833. 1110. 1390. 1670. 1940.\n 2220. 2780. 3330. 4000.]", "values": "[0.8 0.8 0.8 0.8 0.8 0.8 0.8 0.8 0.8 0.8 0.8 0.8 0.8 0.8 0.8 0.8 0.8 0.8\n 0.8 0.8 0.8 0.8 0.8 0.8 0.8 0.8 0.8 0.8]"}}, {"model": "materials.variableproperty", "pk": 21, "fields": {"created_at": "2021-06-08T19:55:06.382Z", "last_modified": "2021-06-10", "modified_by": null, "property_instance": 21, "p": "[1.e+06 1.e+06 1.e+06 1.e+06 1.e+06 1.e+06 1.e+06 1.e+06 1.e+06 1.e+06\n 1.e+06 1.e+06 1.e+06 1.e+06 1.e+00 1.e+00 1.e+00 1.e+00 1.e+00 1.e+00\n 1.e+00 1.e+00 1.e+00 1.e+00 1.e+00 1.e+00 1.e+00 1.e+00]", "T": "[ 256.  298.  444.  556.  644.  833. 1110. 1390. 1670. 1940. 2220. 2780.\n 3330. 4000.  256.  298.  444.  556.  644.  833. 1110. 1390. 1670. 1940.\n 2220. 2780. 3330. 4000.]", "values": "[0.8 0.8 0.8 0.8 0.8 0.8 0.8 0.8 0.8 0.8 0.8 0.8 0.8 0.8 0.8 0.8 0.8 0.8\n 0.8 0.8 0.8 0.8 0.8 0.8 0.8 0.8 0.8 0.8]"}}, {"model": "materials.variableproperty", "pk": 22, "fields": {"created_at": "2021-06-08T19:55:06.388Z", "last_modified": "2021-06-10", "modified_by": null, "property_instance": 22, "p": "[1.e+06 1.e+06 1.e+06 1.e+06 1.e+06 1.e+06 1.e+06 1.e+06 1.e+06 1.e+06\n 1.e+06 1.e+06 1.e+06 1.e+06 1.e+00 1.e+00 1.e+00 1.e+00 1.e+00 1.e+00\n 1.e+00 1.e+00 1.e+00 1.e+00 1.e+00 1.e+00 1.e+00 1.e+00]", "T": "[ 256.  298.  444.  556.  644.  833. 1110. 1390. 1670. 1940. 2220. 2780.\n 3330. 4000.  256.  298.  444.  556.  644.  833. 1110. 1390. 1670. 1940.\n 2220. 2780. 3330. 4000.]", "values": "[ 733.  783. 1090. 1320. 1430. 1680. 1840. 1970. 2050. 2090. 2110. 2140.\n 2150. 2150.  733.  783. 1090. 1320. 1430. 1680. 1840. 1970. 2050. 2090.\n 2110. 2140. 2150. 2150.]"}}, {"model": "materials.variableproperty", "pk": 23, "fields": {"created_at": "2021-06-08T19:55:06.394Z", "last_modified": "2021-06-10", "modified_by": null, "property_instance": 23, "p": "[1.e+06 1.e+06 1.e+06 1.e+06 1.e+06 1.e+06 1.e+06 1.e+06 1.e+06 1.e+06\n 1.e+06 1.e+06 1.e+06 1.e+06 1.e+00 1.e+00 1.e+00 1.e+00 1.e+00 1.e+00\n 1.e+00 1.e+00 1.e+00 1.e+00 1.e+00 1.e+00 1.e+00 1.e+00]", "T": "[ 256.  298.  444.  556.  644.  833. 1110. 1390. 1670. 1940. 2220. 2780.\n 3330. 4000.  256.  298.  444.  556.  644.  833. 1110. 1390. 1670. 1940.\n 2220. 2780. 3330. 4000.]", "values": "[ -32200.       0.  137000.  271000.  394000.  687000. 1180000. 1710000.\n 2260000. 2840000. 3420000. 4600000. 5790000. 7230000.  -32200.       0.\n  137000.  271000.  394000.  687000. 1180000. 1710000. 2260000. 2840000.\n 3420000. 4600000. 5790000. 7230000.]"}}, {"model": "materials.variableproperty", "pk": 24, "fields": {"created_at": "2021-06-08T19:55:06.400Z", "last_modified": "2021-06-10", "modified_by": null, "property_instance": 24, "p": "[1.e+06 1.e+06 1.e+06 1.e+06 1.e+06 1.e+06 1.e+06 1.e+06 1.e+06 1.e+06\n 1.e+06 1.e+06 1.e+06 1.e+06 1.e+00 1.e+00 1.e+00 1.e+00 1.e+00 1.e+00\n 1.e+00 1.e+00 1.e+00 1.e+00 1.e+00 1.e+00 1.e+00 1.e+00]", "T": "[ 256.  298.  444.  556.  644.  833. 1110. 1390. 1670. 1940. 2220. 2780.\n 3330. 4000.  256.  298.  444.  556.  644.  833. 1110. 1390. 1670. 1940.\n 2220. 2780. 3330. 4000.]", "values": "[0.398 0.403 0.416 0.453 0.47  0.486 0.523 0.56  0.605 0.729 0.922 1.46\n 2.32  2.32  0.398 0.403 0.416 0.453 0.47  0.486 0.523 0.56  0.605 0.729\n 0.922 1.46  2.32  2.32 ]"}}, {"model": "materials.variableproperty", "pk": 25, "fields": {"created_at": "2021-06-08T19:55:06.406Z", "last_modified": "2021-06-10", "modified_by": null, "property_instance": 25, "p": "[1.e+06 1.e+06 1.e+06 1.e+06 1.e+06 1.e+06 1.e+06 1.e+06 1.e+06 1.e+06\n 1.e+06 1.e+06 1.e+06 1.e+06 1.e+00 1.e+00 1.e+00 1.e+00 1.e+00 1.e+00\n 1.e+00 1.e+00 1.e+00 1.e+00 1.e+00 1.e+00 1.e+00 1.e+00]", "T": "[ 256.  298.  444.  556.  644.  833. 1110. 1390. 1670. 1940. 2220. 2780.\n 3330. 4000.  256.  298.  444.  556.  644.  833. 1110. 1390. 1670. 1940.\n 2220. 2780. 3330. 4000.]", "values": "[0.398 0.403 0.416 0.453 0.47  0.486 0.523 0.56  0.605 0.729 0.922 1.46\n 2.32  2.32  0.398 0.403 0.416 0.453 0.47  0.486 0.523 0.56  0.605 0.729\n 0.922 1.46  2.32  2.32 ]"}}, {"model": "materials.variableproperty", "pk": 26, "fields": {"created_at": "2021-06-08T19:55:06.412Z", "last_modified": "2021-06-10", "modified_by": null, "property_instance": 26, "p": "[1.e+06 1.e+06 1.e+06 1.e+06 1.e+06 1.e+06 1.e+06 1.e+06 1.e+06 1.e+06\n 1.e+06 1.e+06 1.e+06 1.e+06 1.e+00 1.e+00 1.e+00 1.e+00 1.e+00 1.e+00\n 1.e+00 1.e+00 1.e+00 1.e+00 1.e+00 1.e+00 1.e+00 1.e+00]", "T": "[ 256.  298.  444.  556.  644.  833. 1110. 1390. 1670. 1940. 2220. 2780.\n 3330. 4000.  256.  298.  444.  556.  644.  833. 1110. 1390. 1670. 1940.\n 2220. 2780. 3330. 4000.]", "values": "[0.398 0.403 0.416 0.453 0.47  0.486 0.523 0.56  0.605 0.729 0.922 1.46\n 2.32  2.32  0.398 0.403 0.416 0.453 0.47  0.486 0.523 0.56  0.605 0.729\n 0.922 1.46  2.32  2.32 ]"}}, {"model": "materials.variableproperty", "pk": 27, "fields": {"created_at": "2021-06-08T19:55:06.418Z", "last_modified": "2021-06-10", "modified_by": null, "property_instance": 27, "p": "[1.e+06 1.e+06 1.e+06 1.e+06 1.e+06 1.e+06 1.e+06 1.e+06 1.e+06 1.e+06\n 1.e+06 1.e+06 1.e+06 1.e+06 1.e+00 1.e+00 1.e+00 1.e+00 1.e+00 1.e+00\n 1.e+00 1.e+00 1.e+00 1.e+00 1.e+00 1.e+00 1.e+00 1.e+00]", "T": "[ 256.  298.  444.  556.  644.  833. 1110. 1390. 1670. 1940. 2220. 2780.\n 3330. 4000.  256.  298.  444.  556.  644.  833. 1110. 1390. 1670. 1940.\n 2220. 2780. 3330. 4000.]", "values": "[0.9 0.9 0.9 0.9 0.9 0.9 0.9 0.9 0.9 0.9 0.9 0.9 0.9 0.9 0.9 0.9 0.9 0.9\n 0.9 0.9 0.9 0.9 0.9 0.9 0.9 0.9 0.9 0.9]"}}, {"model": "materials.variableproperty", "pk": 28, "fields": {"created_at": "2021-06-08T19:55:06.424Z", "last_modified": "2021-06-10", "modified_by": null, "property_instance": 28, "p": "[1.e+06 1.e+06 1.e+06 1.e+06 1.e+06 1.e+06 1.e+06 1.e+06 1.e+06 1.e+06\n 1.e+06 1.e+06 1.e+06 1.e+06 1.e+00 1.e+00 1.e+00 1.e+00 1.e+00 1.e+00\n 1.e+00 1.e+00 1.e+00 1.e+00 1.e+00 1.e+00 1.e+00 1.e+00]", "T": "[ 256.  298.  444.  556.  644.  833. 1110. 1390. 1670. 1940. 2220. 2780.\n 3330. 4000.  256.  298.  444.  556.  644.  833. 1110. 1390. 1670. 1940.\n 2220. 2780. 3330. 4000.]", "values": "[0.9 0.9 0.9 0.9 0.9 0.9 0.9 0.9 0.9 0.9 0.9 0.9 0.9 0.9 0.9 0.9 0.9 0.9\n 0.9 0.9 0.9 0.9 0.9 0.9 0.9 0.9 0.9 0.9]"}}, {"model": "materials.constproperty", "pk": 2, "fields": {"created_at": "2021-06-10T00:36:28.229Z", "last_modified": "2021-06-10", "modified_by": null, "property_instance": 43, "value": 2.0}}, {"model": "materials.constproperty", "pk": 3, "fields": {"created_at": "2021-06-10T00:36:28.234Z", "last_modified": "2021-06-10", "modified_by": null, "property_instance": 44, "value": 290.0}}, {"model": "materials.constproperty", "pk": 4, "fields": {"created_at": "2021-06-10T00:36:28.240Z", "last_modified": "2021-06-10", "modified_by": null, "property_instance": 45, "value": 1.0}}, {"model": "materials.constproperty", "pk": 5, "fields": {"created_at": "2021-06-10T00:36:28.258Z", "last_modified": "2021-06-10", "modified_by": null, "property_instance": 48, "value": 0.8}}, {"model": "materials.constproperty", "pk": 6, "fields": {"created_at": "2021-06-10T00:36:28.264Z", "last_modified": "2021-06-10", "modified_by": null, "property_instance": 49, "value": 0.85}}, {"model": "materials.constproperty", "pk": 7, "fields": {"created_at": "2021-06-10T00:36:28.270Z", "last_modified": "2021-06-10", "modified_by": null, "property_instance": 50, "value": 0.206}}, {"model": "materials.constproperty", "pk": 8, "fields": {"created_at": "2021-06-10T00:36:28.276Z", "last_modified": "2021-06-10", "modified_by": null, "property_instance": 51, "value": 0.679}}, {"model": "materials.constproperty", "pk": 9, "fields": {"created_at": "2021-06-10T00:36:28.282Z", "last_modified": "2021-06-10", "modified_by": null, "property_instance": 52, "value": 115.0}}, {"model": "materials.constproperty", "pk": 10, "fields": {"created_at": "2021-06-10T00:36:28.380Z", "last_modified": "2021-06-10", "modified_by": null, "property_instance": 53, "value": 2.0}}, {"model": "materials.constproperty", "pk": 11, "fields": {"created_at": "2021-06-10T00:36:28.385Z", "last_modified": "2021-06-10", "modified_by": null, "property_instance": 54, "value": 1600.0}}, {"model": "materials.constproperty", "pk": 12, "fields": {"created_at": "2021-06-10T00:36:28.391Z", "last_modified": "2021-06-10", "modified_by": null, "property_instance": 55, "value": 0.1}}, {"model": "materials.constproperty", "pk": 13, "fields": {"created_at": "2021-06-10T00:36:28.396Z", "last_modified": "2021-06-10", "modified_by": null, "property_instance": 56, "value": 1200.0}}, {"model": "materials.constproperty", "pk": 14, "fields": {"created_at": "2021-06-10T00:36:28.401Z", "last_modified": "2021-06-10", "modified_by": null, "property_instance": 57, "value": 0.1}}, {"model": "materials.constproperty", "pk": 15, "fields": {"created_at": "2021-06-10T00:36:28.419Z", "last_modified": "2021-06-10", "modified_by": null, "property_instance": 60, "value": 0.8}}, {"model": "materials.constproperty", "pk": 16, "fields": {"created_at": "2021-06-10T00:36:28.425Z", "last_modified": "2021-06-10", "modified_by": null, "property_instance": 61, "value": 0.85}}, {"model": "materials.constproperty", "pk": 17, "fields": {"created_at": "2021-06-10T00:36:28.430Z", "last_modified": "2021-06-10", "modified_by": null, "property_instance": 62, "value": 0.206}}, {"model": "materials.constproperty", "pk": 18, "fields": {"created_at": "2021-06-10T00:36:28.435Z", "last_modified": "2021-06-10", "modified_by": null, "property_instance": 63, "value": 0.679}}, {"model": "materials.constproperty", "pk": 19, "fields": {"created_at": "2021-06-10T00:36:28.441Z", "last_modified": "2021-06-10", "modified_by": null, "property_instance": 64, "value": 0.115}}, {"model": "materials.constproperty", "pk": 20, "fields": {"created_at": "2021-06-10T00:36:28.447Z", "last_modified": "2021-06-10", "modified_by": null, "property_instance": 65, "value": 0.25}}, {"model": "materials.constproperty", "pk": 21, "fields": {"created_at": "2021-06-10T00:36:28.452Z", "last_modified": "2021-06-10", "modified_by": null, "property_instance": 66, "value": 12000.0}}, {"model": "materials.constproperty", "pk": 22, "fields": {"created_at": "2021-06-10T00:36:28.458Z", "last_modified": "2021-06-10", "modified_by": null, "property_instance": 67, "value": 71130.89}}, {"model": "materials.constproperty", "pk": 23, "fields": {"created_at": "2021-06-10T00:36:28.464Z", "last_modified": "2021-06-10", "modified_by": null, "property_instance": 68, "value": 3.0}}, {"model": "materials.constproperty", "pk": 24, "fields": {"created_at": "2021-06-10T00:36:28.470Z", "last_modified": "2021-06-10", "modified_by": null, "property_instance": 69, "value": 0.0}}, {"model": "materials.constproperty", "pk": 25, "fields": {"created_at": "2021-06-10T00:36:28.475Z", "last_modified": "2021-06-10", "modified_by": null, "property_instance": 70, "value": 333.0}}, {"model": "materials.constproperty", "pk": 26, "fields": {"created_at": "2021-06-10T00:36:28.481Z", "last_modified": "2021-06-10", "modified_by": null, "property_instance": 71, "value": -4000000.0}}, {"model": "materials.constproperty", "pk": 27, "fields": {"created_at": "2021-06-10T00:36:28.486Z", "last_modified": "2021-06-10", "modified_by": null, "property_instance": 72, "value": 0.19}}, {"model": "materials.constproperty", "pk": 28, "fields": {"created_at": "2021-06-10T00:36:28.492Z", "last_modified": "2021-06-10", "modified_by": null, "property_instance": 73, "value": 498000000.0}}, {"model": "materials.constproperty", "pk": 29, "fields": {"created_at": "2021-06-10T00:36:28.498Z", "last_modified": "2021-06-10", "modified_by": null, "property_instance": 74, "value": 170000.0}}, {"model": "materials.constproperty", "pk": 30, "fields": {"created_at": "2021-06-10T00:36:28.503Z", "last_modified": "2021-06-10", "modified_by": null, "property_instance": 75, "value": 3.0}}, {"model": "materials.constproperty", "pk": 31, "fields": {"created_at": "2021-06-10T00:36:28.509Z", "last_modified": "2021-06-10", "modified_by": null, "property_instance": 76, "value": 0.0}}, {"model": "materials.constproperty", "pk": 32, "fields": {"created_at": "2021-06-10T00:36:28.515Z", "last_modified": "2021-06-10", "modified_by": null, "property_instance": 77, "value": 556.0}}, {"model": "materials.constproperty", "pk": 33, "fields": {"created_at": "2021-06-10T00:36:28.520Z", "last_modified": "2021-06-10", "modified_by": null, "property_instance": 78, "value": -4000000.0}}, {"model": "materials.constproperty", "pk": 34, "fields": {"created_at": "2021-06-10T00:36:28.526Z", "last_modified": "2021-06-10", "modified_by": null, "property_instance": 79, "value": 0.06}}, {"model": "materials.constproperty", "pk": 35, "fields": {"created_at": "2021-06-10T00:36:28.531Z", "last_modified": "2021-06-10", "modified_by": null, "property_instance": 80, "value": 498000000.0}}, {"model": "materials.constproperty", "pk": 36, "fields": {"created_at": "2021-06-10T00:36:28.537Z", "last_modified": "2021-06-10", "modified_by": null, "property_instance": 81, "value": 170000.0}}, {"model": "materials.constproperty", "pk": 37, "fields": {"created_at": "2021-06-10T00:36:28.542Z", "last_modified": "2021-06-10", "modified_by": null, "property_instance": 82, "value": 3.0}}, {"model": "materials.constproperty", "pk": 38, "fields": {"created_at": "2021-06-10T00:36:28.548Z", "last_modified": "2021-06-10", "modified_by": null, "property_instance": 83, "value": 0.0}}, {"model": "materials.constproperty", "pk": 39, "fields": {"created_at": "2021-06-10T00:36:28.554Z", "last_modified": "2021-06-10", "modified_by": null, "property_instance": 84, "value": 556.0}}, {"model": "materials.constproperty", "pk": 40, "fields": {"created_at": "2021-06-10T00:36:28.559Z", "last_modified": "2021-06-10", "modified_by": null, "property_instance": 85, "value": -4000000.0}}, {"model": "materials.constproperty", "pk": 41, "fields": {"created_at": "2021-06-10T00:36:28.565Z", "last_modified": "2021-06-10", "modified_by": null, "property_instance": 86, "value": 0.0}}, {"model": "materials.constproperty", "pk": 42, "fields": {"created_at": "2021-06-10T00:36:28.570Z", "last_modified": "2021-06-10", "modified_by": null, "property_instance": 87, "value": 3.0}}, {"model": "materials.matrixproperty", "pk": 2, "fields": {"created_at": "2021-06-10T00:36:28.246Z", "last_modified": "2021-06-10", "modified_by": null, "property_instance": 46, "value": "(1.6e-11 0 0 0 1.6e-11 0 0 0 1.6e-11)"}}, {"model": "materials.matrixproperty", "pk": 3, "fields": {"created_at": "2021-06-10T00:36:28.252Z", "last_modified": "2021-06-10", "modified_by": null, "property_instance": 47, "value": "(2e-11 0 0 0 2e-11 0 0 0 2e-11)"}}, {"model": "materials.matrixproperty", "pk": 4, "fields": {"created_at": "2021-06-10T00:36:28.407Z", "last_modified": "2021-06-10", "modified_by": null, "property_instance": 58, "value": "(1.6e-11 0 0 0 1.6e-11 0 0 0 1.6e-11)"}}, {"model": "materials.matrixproperty", "pk": 5, "fields": {"created_at": "2021-06-10T00:36:28.413Z", "last_modified": "2021-06-10", "modified_by": null, "property_instance": 59, "value": "(2e-11 0 0 0 2e-11 0 0 0 2e-11)"}}, {"model": "itarmaterials.itarmaterial", "pk": 1, "fields": {"created_at": "2021-06-08T19:55:06.542Z", "last_modified": "2021-06-10", "modified_by": null, "name": "HEEET", "short_name": null, "short_description": null, "description": null, "image": ""}}, {"model": "itarmaterials.itarmaterialversion", "pk": 2, "fields": {"created_at": "2021-06-08T19:59:31.508Z", "last_modified": "2021-06-10", "modified_by": 1, "version": "4.0.1", "version_value": 400010000, "grade": null, "material_lead": null, "material_expert": null, "modeling_expert": null, "other_contact": null, "notes": "", "datasheet": "", "published": "2021-06-10", "material": 1}}, {"model": "itarmaterials.itarmaterialpropertyinstance", "pk": 1, "fields": {"created_at": "2021-06-08T20:07:20.696Z", "last_modified": "2021-06-10", "modified_by": null, "property": 1, "state": 0, "material_version": 2}}, {"model": "itarmaterials.itarmaterialpropertyinstance", "pk": 2, "fields": {"created_at": "2021-06-08T20:07:20.704Z", "last_modified": "2021-06-10", "modified_by": null, "property": 2, "state": 0, "material_version": 2}}, {"model": "itarmaterials.itarmaterialpropertyinstance", "pk": 3, "fields": {"created_at": "2021-06-08T20:07:20.711Z", "last_modified": "2021-06-10", "modified_by": null, "property": 3, "state": 0, "material_version": 2}}, {"model": "itarmaterials.itarmaterialpropertyinstance", "pk": 4, "fields": {"created_at": "2021-06-08T20:07:20.718Z", "last_modified": "2021-06-10", "modified_by": null, "property": 4, "state": 0, "material_version": 2}}, {"model": "itarmaterials.itarmaterialpropertyinstance", "pk": 5, "fields": {"created_at": "2021-06-08T20:07:20.725Z", "last_modified": "2021-06-10", "modified_by": null, "property": 5, "state": 0, "material_version": 2}}, {"model": "itarmaterials.itarmaterialpropertyinstance", "pk": 6, "fields": {"created_at": "2021-06-08T20:07:20.733Z", "last_modified": "2021-06-10", "modified_by": null, "property": 6, "state": 0, "material_version": 2}}, {"model": "itarmaterials.itarmaterialpropertyinstance", "pk": 7, "fields": {"created_at": "2021-06-08T20:07:20.741Z", "last_modified": "2021-06-10", "modified_by": null, "property": 7, "state": 0, "material_version": 2}}, {"model": "itarmaterials.itarmaterialpropertyinstance", "pk": 8, "fields": {"created_at": "2021-06-08T20:07:20.749Z", "last_modified": "2021-06-10", "modified_by": null, "property": 8, "state": 1, "material_version": 2}}, {"model": "itarmaterials.itarmaterialpropertyinstance", "pk": 9, "fields": {"created_at": "2021-06-08T20:07:20.756Z", "last_modified": "2021-06-10", "modified_by": null, "property": 9, "state": 1, "material_version": 2}}, {"model": "itarmaterials.itarmaterialpropertyinstance", "pk": 10, "fields": {"created_at": "2021-06-08T20:07:20.764Z", "last_modified": "2021-06-10", "modified_by": null, "property": 10, "state": 1, "material_version": 2}}, {"model": "itarmaterials.itarmaterialpropertyinstance", "pk": 11, "fields": {"created_at": "2021-06-08T20:07:20.772Z", "last_modified": "2021-06-10", "modified_by": null, "property": 11, "state": 1, "material_version": 2}}, {"model": "itarmaterials.itarmaterialpropertyinstance", "pk": 12, "fields": {"created_at": "2021-06-08T20:07:20.779Z", "last_modified": "2021-06-10", "modified_by": null, "property": 12, "state": 1, "material_version": 2}}, {"model": "itarmaterials.itarmaterialpropertyinstance", "pk": 13, "fields": {"created_at": "2021-06-08T20:07:20.786Z", "last_modified": "2021-06-10", "modified_by": null, "property": 13, "state": 1, "material_version": 2}}, {"model": "itarmaterials.itarmaterialpropertyinstance", "pk": 14, "fields": {"created_at": "2021-06-08T20:07:20.794Z", "last_modified": "2021-06-10", "modified_by": null, "property": 14, "state": 1, "material_version": 2}}, {"model": "itarmaterials.itarmaterialpropertyinstance", "pk": 15, "fields": {"created_at": "2021-06-10T00:31:29.424Z", "last_modified": "2021-06-10", "modified_by": null, "property": 15, "state": 0, "material_version": 2}}, {"model": "itarmaterials.itarmaterialpropertyinstance", "pk": 16, "fields": {"created_at": "2021-06-10T00:31:29.431Z", "last_modified": "2021-06-10", "modified_by": null, "property": 16, "state": 0, "material_version": 2}}, {"model": "itarmaterials.itarmaterialpropertyinstance", "pk": 17, "fields": {"created_at": "2021-06-10T00:31:29.438Z", "last_modified": "2021-06-10", "modified_by": null, "property": 17, "state": 0, "material_version": 2}}, {"model": "itarmaterials.itarmaterialpropertyinstance", "pk": 18, "fields": {"created_at": "2021-06-10T00:31:29.445Z", "last_modified": "2021-06-10", "modified_by": null, "property": 18, "state": 0, "material_version": 2}}, {"model": "itarmaterials.itarmaterialpropertyinstance", "pk": 19, "fields": {"created_at": "2021-06-10T00:31:29.453Z", "last_modified": "2021-06-10", "modified_by": null, "property": 19, "state": 0, "material_version": 2}}, {"model": "itarmaterials.itarmaterialpropertyinstance", "pk": 20, "fields": {"created_at": "2021-06-10T00:31:29.461Z", "last_modified": "2021-06-10", "modified_by": null, "property": 20, "state": 0, "material_version": 2}}, {"model": "itarmaterials.itarmaterialpropertyinstance", "pk": 21, "fields": {"created_at": "2021-06-10T00:31:29.470Z", "last_modified": "2021-06-10", "modified_by": null, "property": 21, "state": 1, "material_version": 2}}, {"model": "itarmaterials.itarmaterialpropertyinstance", "pk": 22, "fields": {"created_at": "2021-06-10T00:31:29.478Z", "last_modified": "2021-06-10", "modified_by": null, "property": 22, "state": 0, "material_version": 2}}, {"model": "itarmaterials.itarmaterialpropertyinstance", "pk": 23, "fields": {"created_at": "2021-06-10T00:31:29.487Z", "last_modified": "2021-06-10", "modified_by": null, "property": 23, "state": 1, "material_version": 2}}, {"model": "itarmaterials.itarmaterialpropertyinstance", "pk": 24, "fields": {"created_at": "2021-06-10T00:31:29.494Z", "last_modified": "2021-06-10", "modified_by": null, "property": 24, "state": 2, "material_version": 2}}, {"model": "itarmaterials.itarmaterialpropertyinstance", "pk": 25, "fields": {"created_at": "2021-06-10T00:31:29.502Z", "last_modified": "2021-06-10", "modified_by": null, "property": 25, "state": 2, "material_version": 2}}, {"model": "itarmaterials.itarmaterialpropertyinstance", "pk": 26, "fields": {"created_at": "2021-06-10T00:31:29.510Z", "last_modified": "2021-06-10", "modified_by": null, "property": 26, "state": 2, "material_version": 2}}, {"model": "itarmaterials.itarmaterialpropertyinstance", "pk": 27, "fields": {"created_at": "2021-06-10T00:31:29.517Z", "last_modified": "2021-06-10", "modified_by": null, "property": 27, "state": 2, "material_version": 2}}, {"model": "itarmaterials.itarmaterialpropertyinstance", "pk": 28, "fields": {"created_at": "2021-06-10T00:31:29.525Z", "last_modified": "2021-06-10", "modified_by": null, "property": 28, "state": 2, "material_version": 2}}, {"model": "itarmaterials.itarmaterialpropertyinstance", "pk": 29, "fields": {"created_at": "2021-06-10T00:31:29.532Z", "last_modified": "2021-06-10", "modified_by": null, "property": 29, "state": 2, "material_version": 2}}, {"model": "itarmaterials.itarmaterialpropertyinstance", "pk": 30, "fields": {"created_at": "2021-06-10T00:31:29.540Z", "last_modified": "2021-06-10", "modified_by": null, "property": 30, "state": 2, "material_version": 2}}, {"model": "itarmaterials.itarmaterialpropertyinstance", "pk": 31, "fields": {"created_at": "2021-06-10T00:31:29.547Z", "last_modified": "2021-06-10", "modified_by": null, "property": 31, "state": 2, "material_version": 2}}, {"model": "itarmaterials.itarmaterialpropertyinstance", "pk": 32, "fields": {"created_at": "2021-06-10T00:31:29.555Z", "last_modified": "2021-06-10", "modified_by": null, "property": 32, "state": 2, "material_version": 2}}, {"model": "itarmaterials.itarmaterialpropertyinstance", "pk": 33, "fields": {"created_at": "2021-06-10T00:31:29.562Z", "last_modified": "2021-06-10", "modified_by": null, "property": 33, "state": 2, "material_version": 2}}, {"model": "itarmaterials.itarmaterialpropertyinstance", "pk": 34, "fields": {"created_at": "2021-06-10T00:31:29.569Z", "last_modified": "2021-06-10", "modified_by": null, "property": 34, "state": 2, "material_version": 2}}, {"model": "itarmaterials.itarmaterialpropertyinstance", "pk": 35, "fields": {"created_at": "2021-06-10T00:31:29.575Z", "last_modified": "2021-06-10", "modified_by": null, "property": 35, "state": 2, "material_version": 2}}, {"model": "itarmaterials.itarmaterialpropertyinstance", "pk": 36, "fields": {"created_at": "2021-06-10T00:31:29.583Z", "last_modified": "2021-06-10", "modified_by": null, "property": 36, "state": 2, "material_version": 2}}, {"model": "itarmaterials.itarmaterialpropertyinstance", "pk": 37, "fields": {"created_at": "2021-06-10T00:31:29.590Z", "last_modified": "2021-06-10", "modified_by": null, "property": 37, "state": 2, "material_version": 2}}, {"model": "itarmaterials.itarmaterialpropertyinstance", "pk": 38, "fields": {"created_at": "2021-06-10T00:31:29.596Z", "last_modified": "2021-06-10", "modified_by": null, "property": 38, "state": 2, "material_version": 2}}, {"model": "itarmaterials.itarmaterialpropertyinstance", "pk": 39, "fields": {"created_at": "2021-06-10T00:31:29.603Z", "last_modified": "2021-06-10", "modified_by": null, "property": 39, "state": 2, "material_version": 2}}, {"model": "itarmaterials.itarmaterialpropertyinstance", "pk": 40, "fields": {"created_at": "2021-06-10T00:31:29.609Z", "last_modified": "2021-06-10", "modified_by": null, "property": 40, "state": 2, "material_version": 2}}, {"model": "itarmaterials.itarmaterialpropertyinstance", "pk": 41, "fields": {"created_at": "2021-06-10T00:31:29.617Z", "last_modified": "2021-06-10", "modified_by": null, "property": 41, "state": 2, "material_version": 2}}, {"model": "itarmaterials.itarmaterialpropertyinstance", "pk": 42, "fields": {"created_at": "2021-06-10T00:31:29.647Z", "last_modified": "2021-06-10", "modified_by": null, "property": 42, "state": 2, "material_version": 2}}, {"model": "itarmaterials.itarmaterialpropertyinstance", "pk": 43, "fields": {"created_at": "2021-06-10T00:31:29.656Z", "last_modified": "2021-06-10", "modified_by": null, "property": 43, "state": 2, "material_version": 2}}, {"model": "itarmaterials.itarmaterialpropertyinstance", "pk": 44, "fields": {"created_at": "2021-06-10T00:31:29.663Z", "last_modified": "2021-06-10", "modified_by": null, "property": 44, "state": 2, "material_version": 2}}, {"model": "itarmaterials.itarmaterialpropertyinstance", "pk": 45, "fields": {"created_at": "2021-06-10T00:31:29.671Z", "last_modified": "2021-06-10", "modified_by": null, "property": 45, "state": 2, "material_version": 2}}, {"model": "itarmaterials.itarmaterialpropertyinstance", "pk": 46, "fields": {"created_at": "2021-06-10T00:31:29.679Z", "last_modified": "2021-06-10", "modified_by": null, "property": 46, "state": 2, "material_version": 2}}, {"model": "itarmaterials.itarmaterialpropertyinstance", "pk": 47, "fields": {"created_at": "2021-06-10T00:31:29.687Z", "last_modified": "2021-06-10", "modified_by": null, "property": 47, "state": 2, "material_version": 2}}, {"model": "itarmaterials.itarmaterialpropertyinstance", "pk": 48, "fields": {"created_at": "2021-06-10T00:31:29.694Z", "last_modified": "2021-06-10", "modified_by": null, "property": 48, "state": 2, "material_version": 2}}, {"model": "itarmaterials.itarmaterialpropertyinstance", "pk": 49, "fields": {"created_at": "2021-06-10T00:31:29.703Z", "last_modified": "2021-06-10", "modified_by": null, "property": 49, "state": 2, "material_version": 2}}, {"model": "itarmaterials.itarvariableproperty", "pk": 1, "fields": {"created_at": "2021-06-08T20:07:20.699Z", "last_modified": "2021-06-10", "modified_by": null, "p": "[1.e+06 1.e+06 1.e+06 1.e+06 1.e+06 1.e+06 1.e+06 1.e+06 1.e+06 1.e+06\n 1.e+06 1.e+06 1.e+06 1.e+06 1.e+00 1.e+00 1.e+00 1.e+00 1.e+00 1.e+00\n 1.e+00 1.e+00 1.e+00 1.e+00 1.e+00 1.e+00 1.e+00 1.e+00]", "T": "[ 256.  298.  444.  556.  644.  833. 1110. 1390. 1670. 1940. 2220. 2780.\n 3330. 4000.  256.  298.  444.  556.  644.  833. 1110. 1390. 1670. 1940.\n 2220. 2780. 3330. 4000.]", "values": "[ 879.  984. 1300. 1470. 1570. 1720. 1860. 1930. 1980. 1990. 2000. 2010.\n 2010. 2010.  879.  984. 1300. 1470. 1570. 1720. 1860. 1930. 1980. 1990.\n 2000. 2010. 2010. 2010.]", "property_instance": 1}}, {"model": "itarmaterials.itarvariableproperty", "pk": 2, "fields": {"created_at": "2021-06-08T20:07:20.706Z", "last_modified": "2021-06-10", "modified_by": null, "p": "[1.e+06 1.e+06 1.e+06 1.e+06 1.e+06 1.e+06 1.e+06 1.e+06 1.e+06 1.e+06\n 1.e+06 1.e+06 1.e+06 1.e+06 1.e+00 1.e+00 1.e+00 1.e+00 1.e+00 1.e+00\n 1.e+00 1.e+00 1.e+00 1.e+00 1.e+00 1.e+00 1.e+00 1.e+00]", "T": "[ 256.  298.  444.  556.  644.  833. 1110. 1390. 1670. 1940. 2220. 2780.\n 3330. 4000.  256.  298.  444.  556.  644.  833. 1110. 1390. 1670. 1940.\n 2220. 2780. 3330. 4000.]", "values": "[-897000. -857000. -690000. -537000. -402000.  -91200.  406000.  933000.\n 1480000. 2030000. 2580000. 3700000. 4810000. 6150000. -897000. -857000.\n -690000. -537000. -402000.  -91200.  406000.  933000. 1480000. 2030000.\n 2580000. 3700000. 4810000. 6150000.]", "property_instance": 2}}, {"model": "itarmaterials.itarvariableproperty", "pk": 3, "fields": {"created_at": "2021-06-08T20:07:20.713Z", "last_modified": "2021-06-10", "modified_by": null, "p": "[1.e+06 1.e+06 1.e+06 1.e+06 1.e+06 1.e+06 1.e+06 1.e+06 1.e+06 1.e+06\n 1.e+06 1.e+06 1.e+06 1.e+06 1.e+00 1.e+00 1.e+00 1.e+00 1.e+00 1.e+00\n 1.e+00 1.e+00 1.e+00 1.e+00 1.e+00 1.e+00 1.e+00 1.e+00]", "T": "[ 256.  298.  444.  556.  644.  833. 1110. 1390. 1670. 1940. 2220. 2780.\n 3330. 4000.  256.  298.  444.  556.  644.  833. 1110. 1390. 1670. 1940.\n 2220. 2780. 3330. 4000.]", "values": "[0.398 0.403 0.416 0.453 0.47  0.486 0.523 0.56  0.698 0.872 1.11  1.75\n 2.78  2.78  0.398 0.403 0.416 0.453 0.47  0.486 0.523 0.56  0.698 0.872\n 1.11  1.75  2.78  2.78 ]", "property_instance": 3}}, {"model": "itarmaterials.itarvariableproperty", "pk": 4, "fields": {"created_at": "2021-06-08T20:07:20.720Z", "last_modified": "2021-06-10", "modified_by": null, "p": "[1.e+06 1.e+06 1.e+06 1.e+06 1.e+06 1.e+06 1.e+06 1.e+06 1.e+06 1.e+06\n 1.e+06 1.e+06 1.e+06 1.e+06 1.e+00 1.e+00 1.e+00 1.e+00 1.e+00 1.e+00\n 1.e+00 1.e+00 1.e+00 1.e+00 1.e+00 1.e+00 1.e+00 1.e+00]", "T": "[ 256.  298.  444.  556.  644.  833. 1110. 1390. 1670. 1940. 2220. 2780.\n 3330. 4000.  256.  298.  444.  556.  644.  833. 1110. 1390. 1670. 1940.\n 2220. 2780. 3330. 4000.]", "values": "[0.398 0.403 0.416 0.453 0.47  0.486 0.523 0.56  0.698 0.872 1.11  1.75\n 2.78  2.78  0.398 0.403 0.416 0.453 0.47  0.486 0.523 0.56  0.698 0.872\n 1.11  1.75  2.78  2.78 ]", "property_instance": 4}}, {"model": "itarmaterials.itarvariableproperty", "pk": 5, "fields": {"created_at": "2021-06-08T20:07:20.728Z", "last_modified": "2021-06-10", "modified_by": null, "p": "[1.e+06 1.e+06 1.e+06 1.e+06 1.e+06 1.e+06 1.e+06 1.e+06 1.e+06 1.e+06\n 1.e+06 1.e+06 1.e+06 1.e+06 1.e+00 1.e+00 1.e+00 1.e+00 1.e+00 1.e+00\n 1.e+00 1.e+00 1.e+00 1.e+00 1.e+00 1.e+00 1.e+00 1.e+00]", "T": "[ 256.  298.  444.  556.  644.  833. 1110. 1390. 1670. 1940. 2220. 2780.\n 3330. 4000.  256.  298.  444.  556.  644.  833. 1110. 1390. 1670. 1940.\n 2220. 2780. 3330. 4000.]", "values": "[0.398 0.403 0.416 0.453 0.47  0.486 0.523 0.56  0.698 0.872 1.11  1.75\n 2.78  2.78  0.398 0.403 0.416 0.453 0.47  0.486 0.523 0.56  0.698 0.872\n 1.11  1.75  2.78  2.78 ]", "property_instance": 5}}, {"model": "itarmaterials.itarvariableproperty", "pk": 6, "fields": {"created_at": "2021-06-08T20:07:20.735Z", "last_modified": "2021-06-10", "modified_by": null, "p": "[1.e+06 1.e+06 1.e+06 1.e+06 1.e+06 1.e+06 1.e+06 1.e+06 1.e+06 1.e+06\n 1.e+06 1.e+06 1.e+06 1.e+06 1.e+00 1.e+00 1.e+00 1.e+00 1.e+00 1.e+00\n 1.e+00 1.e+00 1.e+00 1.e+00 1.e+00 1.e+00 1.e+00 1.e+00]", "T": "[ 256.  298.  444.  556.  644.  833. 1110. 1390. 1670. 1940. 2220. 2780.\n 3330. 4000.  256.  298.  444.  556.  644.  833. 1110. 1390. 1670. 1940.\n 2220. 2780. 3330. 4000.]", "values": "[0.8 0.8 0.8 0.8 0.8 0.8 0.8 0.8 0.8 0.8 0.8 0.8 0.8 0.8 0.8 0.8 0.8 0.8\n 0.8 0.8 0.8 0.8 0.8 0.8 0.8 0.8 0.8 0.8]", "property_instance": 6}}, {"model": "itarmaterials.itarvariableproperty", "pk": 7, "fields": {"created_at": "2021-06-08T20:07:20.743Z", "last_modified": "2021-06-10", "modified_by": null, "p": "[1.e+06 1.e+06 1.e+06 1.e+06 1.e+06 1.e+06 1.e+06 1.e+06 1.e+06 1.e+06\n 1.e+06 1.e+06 1.e+06 1.e+06 1.e+00 1.e+00 1.e+00 1.e+00 1.e+00 1.e+00\n 1.e+00 1.e+00 1.e+00 1.e+00 1.e+00 1.e+00 1.e+00 1.e+00]", "T": "[ 256.  298.  444.  556.  644.  833. 1110. 1390. 1670. 1940. 2220. 2780.\n 3330. 4000.  256.  298.  444.  556.  644.  833. 1110. 1390. 1670. 1940.\n 2220. 2780. 3330. 4000.]", "values": "[0.8 0.8 0.8 0.8 0.8 0.8 0.8 0.8 0.8 0.8 0.8 0.8 0.8 0.8 0.8 0.8 0.8 0.8\n 0.8 0.8 0.8 0.8 0.8 0.8 0.8 0.8 0.8 0.8]", "property_instance": 7}}, {"model": "itarmaterials.itarvariableproperty", "pk": 8, "fields": {"created_at": "2021-06-08T20:07:20.750Z", "last_modified": "2021-06-10", "modified_by": null, "p": "[1.e+06 1.e+06 1.e+06 1.e+06 1.e+06 1.e+06 1.e+06 1.e+06 1.e+06 1.e+06\n 1.e+06 1.e+06 1.e+06 1.e+06 1.e+00 1.e+00 1.e+00 1.e+00 1.e+00 1.e+00\n 1.e+00 1.e+00 1.e+00 1.e+00 1.e+00 1.e+00 1.e+00 1.e+00]", "T": "[ 256.  298.  444.  556.  644.  833. 1110. 1390. 1670. 1940. 2220. 2780.\n 3330. 4000.  256.  298.  444.  556.  644.  833. 1110. 1390. 1670. 1940.\n 2220. 2780. 3330. 4000.]", "values": "[ 733.  783. 1090. 1320. 1430. 1680. 1840. 1970. 2050. 2090. 2110. 2140.\n 2150. 2150.  733.  783. 1090. 1320. 1430. 1680. 1840. 1970. 2050. 2090.\n 2110. 2140. 2150. 2150.]", "property_instance": 8}}, {"model": "itarmaterials.itarvariableproperty", "pk": 9, "fields": {"created_at": "2021-06-08T20:07:20.758Z", "last_modified": "2021-06-10", "modified_by": null, "p": "[1.e+06 1.e+06 1.e+06 1.e+06 1.e+06 1.e+06 1.e+06 1.e+06 1.e+06 1.e+06\n 1.e+06 1.e+06 1.e+06 1.e+06 1.e+00 1.e+00 1.e+00 1.e+00 1.e+00 1.e+00\n 1.e+00 1.e+00 1.e+00 1.e+00 1.e+00 1.e+00 1.e+00 1.e+00]", "T": "[ 256.  298.  444.  556.  644.  833. 1110. 1390. 1670. 1940. 2220. 2780.\n 3330. 4000.  256.  298.  444.  556.  644.  833. 1110. 1390. 1670. 1940.\n 2220. 2780. 3330. 4000.]", "values": "[ -32200.       0.  137000.  271000.  394000.  687000. 1180000. 1710000.\n 2260000. 2840000. 3420000. 4600000. 5790000. 7230000.  -32200.       0.\n  137000.  271000.  394000.  687000. 1180000. 1710000. 2260000. 2840000.\n 3420000. 4600000. 5790000. 7230000.]", "property_instance": 9}}, {"model": "itarmaterials.itarvariableproperty", "pk": 10, "fields": {"created_at": "2021-06-08T20:07:20.765Z", "last_modified": "2021-06-10", "modified_by": null, "p": "[1.e+06 1.e+06 1.e+06 1.e+06 1.e+06 1.e+06 1.e+06 1.e+06 1.e+06 1.e+06\n 1.e+06 1.e+06 1.e+06 1.e+06 1.e+00 1.e+00 1.e+00 1.e+00 1.e+00 1.e+00\n 1.e+00 1.e+00 1.e+00 1.e+00 1.e+00 1.e+00 1.e+00 1.e+00]", "T": "[ 256.  298.  444.  556.  644.  833. 1110. 1390. 1670. 1940. 2220. 2780.\n 3330. 4000.  256.  298.  444.  556.  644.  833. 1110. 1390. 1670. 1940.\n 2220. 2780. 3330. 4000.]", "values": "[0.398 0.403 0.416 0.453 0.47  0.486 0.523 0.56  0.605 0.729 0.922 1.46\n 2.32  2.32  0.398 0.403 0.416 0.453 0.47  0.486 0.523 0.56  0.605 0.729\n 0.922 1.46  2.32  2.32 ]", "property_instance": 10}}, {"model": "itarmaterials.itarvariableproperty", "pk": 11, "fields": {"created_at": "2021-06-08T20:07:20.773Z", "last_modified": "2021-06-10", "modified_by": null, "p": "[1.e+06 1.e+06 1.e+06 1.e+06 1.e+06 1.e+06 1.e+06 1.e+06 1.e+06 1.e+06\n 1.e+06 1.e+06 1.e+06 1.e+06 1.e+00 1.e+00 1.e+00 1.e+00 1.e+00 1.e+00\n 1.e+00 1.e+00 1.e+00 1.e+00 1.e+00 1.e+00 1.e+00 1.e+00]", "T": "[ 256.  298.  444.  556.  644.  833. 1110. 1390. 1670. 1940. 2220. 2780.\n 3330. 4000.  256.  298.  444.  556.  644.  833. 1110. 1390. 1670. 1940.\n 2220. 2780. 3330. 4000.]", "values": "[0.398 0.403 0.416 0.453 0.47  0.486 0.523 0.56  0.605 0.729 0.922 1.46\n 2.32  2.32  0.398 0.403 0.416 0.453 0.47  0.486 0.523 0.56  0.605 0.729\n 0.922 1.46  2.32  2.32 ]", "property_instance": 11}}, {"model": "itarmaterials.itarvariableproperty", "pk": 12, "fields": {"created_at": "2021-06-08T20:07:20.781Z", "last_modified": "2021-06-10", "modified_by": null, "p": "[1.e+06 1.e+06 1.e+06 1.e+06 1.e+06 1.e+06 1.e+06 1.e+06 1.e+06 1.e+06\n 1.e+06 1.e+06 1.e+06 1.e+06 1.e+00 1.e+00 1.e+00 1.e+00 1.e+00 1.e+00\n 1.e+00 1.e+00 1.e+00 1.e+00 1.e+00 1.e+00 1.e+00 1.e+00]", "T": "[ 256.  298.  444.  556.  644.  833. 1110. 1390. 1670. 1940. 2220. 2780.\n 3330. 4000.  256.  298.  444.  556.  644.  833. 1110. 1390. 1670. 1940.\n 2220. 2780. 3330. 4000.]", "values": "[0.398 0.403 0.416 0.453 0.47  0.486 0.523 0.56  0.605 0.729 0.922 1.46\n 2.32  2.32  0.398 0.403 0.416 0.453 0.47  0.486 0.523 0.56  0.605 0.729\n 0.922 1.46  2.32  2.32 ]", "property_instance": 12}}, {"model": "itarmaterials.itarvariableproperty", "pk": 13, "fields": {"created_at": "2021-06-08T20:07:20.788Z", "last_modified": "2021-06-10", "modified_by": null, "p": "[1.e+06 1.e+06 1.e+06 1.e+06 1.e+06 1.e+06 1.e+06 1.e+06 1.e+06 1.e+06\n 1.e+06 1.e+06 1.e+06 1.e+06 1.e+00 1.e+00 1.e+00 1.e+00 1.e+00 1.e+00\n 1.e+00 1.e+00 1.e+00 1.e+00 1.e+00 1.e+00 1.e+00 1.e+00]", "T": "[ 256.  298.  444.  556.  644.  833. 1110. 1390. 1670. 1940. 2220. 2780.\n 3330. 4000.  256.  298.  444.  556.  644.  833. 1110. 1390. 1670. 1940.\n 2220. 2780. 3330. 4000.]", "values": "[0.9 0.9 0.9 0.9 0.9 0.9 0.9 0.9 0.9 0.9 0.9 0.9 0.9 0.9 0.9 0.9 0.9 0.9\n 0.9 0.9 0.9 0.9 0.9 0.9 0.9 0.9 0.9 0.9]", "property_instance": 13}}, {"model": "itarmaterials.itarvariableproperty", "pk": 14, "fields": {"created_at": "2021-06-08T20:07:20.796Z", "last_modified": "2021-06-10", "modified_by": null, "p": "[1.e+06 1.e+06 1.e+06 1.e+06 1.e+06 1.e+06 1.e+06 1.e+06 1.e+06 1.e+06\n 1.e+06 1.e+06 1.e+06 1.e+06 1.e+00 1.e+00 1.e+00 1.e+00 1.e+00 1.e+00\n 1.e+00 1.e+00 1.e+00 1.e+00 1.e+00 1.e+00 1.e+00 1.e+00]", "T": "[ 256.  298.  444.  556.  644.  833. 1110. 1390. 1670. 1940. 2220. 2780.\n 3330. 4000.  256.  298.  444.  556.  644.  833. 1110. 1390. 1670. 1940.\n 2220. 2780. 3330. 4000.]", "values": "[0.9 0.9 0.9 0.9 0.9 0.9 0.9 0.9 0.9 0.9 0.9 0.9 0.9 0.9 0.9 0.9 0.9 0.9\n 0.9 0.9 0.9 0.9 0.9 0.9 0.9 0.9 0.9 0.9]", "property_instance": 14}}, {"model": "itarmaterials.itarconstproperty", "pk": 1, "fields": {"created_at": "2021-06-08T20:07:20.801Z", "last_modified": "2021-06-10", "modified_by": null, "value": 3.0, "property_instance": null}}, {"model": "itarmaterials.itarconstproperty", "pk": 2, "fields": {"created_at": "2021-06-10T00:36:28.664Z", "last_modified": "2021-06-10", "modified_by": null, "value": 2.0, "property_instance": 15}}, {"model": "itarmaterials.itarconstproperty", "pk": 3, "fields": {"created_at": "2021-06-10T00:36:28.670Z", "last_modified": "2021-06-10", "modified_by": null, "value": 1600.0, "property_instance": 16}}, {"model": "itarmaterials.itarconstproperty", "pk": 4, "fields": {"created_at": "2021-06-10T00:36:28.676Z", "last_modified": "2021-06-10", "modified_by": null, "value": 0.1, "property_instance": 17}}, {"model": "itarmaterials.itarconstproperty", "pk": 5, "fields": {"created_at": "2021-06-10T00:36:28.681Z", "last_modified": "2021-06-10", "modified_by": null, "value": 1200.0, "property_instance": 18}}, {"model": "itarmaterials.itarconstproperty", "pk": 6, "fields": {"created_at": "2021-06-10T00:36:28.687Z", "last_modified": "2021-06-10", "modified_by": null, "value": 0.1, "property_instance": 19}}, {"model": "itarmaterials.itarconstproperty", "pk": 7, "fields": {"created_at": "2021-06-10T00:36:28.705Z", "last_modified": "2021-06-10", "modified_by": null, "value": 0.8, "property_instance": 22}}, {"model": "itarmaterials.itarconstproperty", "pk": 8, "fields": {"created_at": "2021-06-10T00:36:28.710Z", "last_modified": "2021-06-10", "modified_by": null, "value": 0.85, "property_instance": 23}}, {"model": "itarmaterials.itarconstproperty", "pk": 9, "fields": {"created_at": "2021-06-10T00:36:28.715Z", "last_modified": "2021-06-10", "modified_by": null, "value": 0.206, "property_instance": 24}}, {"model": "itarmaterials.itarconstproperty", "pk": 10, "fields": {"created_at": "2021-06-10T00:36:28.722Z", "last_modified": "2021-06-10", "modified_by": null, "value": 0.679, "property_instance": 25}}, {"model": "itarmaterials.itarconstproperty", "pk": 11, "fields": {"created_at": "2021-06-10T00:36:28.728Z", "last_modified": "2021-06-10", "modified_by": null, "value": 0.115, "property_instance": 26}}, {"model": "itarmaterials.itarconstproperty", "pk": 12, "fields": {"created_at": "2021-06-10T00:36:28.733Z", "last_modified": "2021-06-10", "modified_by": null, "value": 0.25, "property_instance": 27}}, {"model": "itarmaterials.itarconstproperty", "pk": 13, "fields": {"created_at": "2021-06-10T00:36:28.741Z", "last_modified": "2021-06-10", "modified_by": null, "value": 12000.0, "property_instance": 28}}, {"model": "itarmaterials.itarconstproperty", "pk": 14, "fields": {"created_at": "2021-06-10T00:36:28.747Z", "last_modified": "2021-06-10", "modified_by": null, "value": 71130.89, "property_instance": 29}}, {"model": "itarmaterials.itarconstproperty", "pk": 15, "fields": {"created_at": "2021-06-10T00:36:28.754Z", "last_modified": "2021-06-10", "modified_by": null, "value": 3.0, "property_instance": 30}}, {"model": "itarmaterials.itarconstproperty", "pk": 16, "fields": {"created_at": "2021-06-10T00:36:28.760Z", "last_modified": "2021-06-10", "modified_by": null, "value": 0.0, "property_instance": 31}}, {"model": "itarmaterials.itarconstproperty", "pk": 17, "fields": {"created_at": "2021-06-10T00:36:28.767Z", "last_modified": "2021-06-10", "modified_by": null, "value": 333.0, "property_instance": 32}}, {"model": "itarmaterials.itarconstproperty", "pk": 18, "fields": {"created_at": "2021-06-10T00:36:28.773Z", "last_modified": "2021-06-10", "modified_by": null, "value": -4000000.0, "property_instance": 33}}, {"model": "itarmaterials.itarconstproperty", "pk": 19, "fields": {"created_at": "2021-06-10T00:36:28.780Z", "last_modified": "2021-06-10", "modified_by": null, "value": 0.19, "property_instance": 34}}, {"model": "itarmaterials.itarconstproperty", "pk": 20, "fields": {"created_at": "2021-06-10T00:36:28.786Z", "last_modified": "2021-06-10", "modified_by": null, "value": 498000000.0, "property_instance": 35}}, {"model": "itarmaterials.itarconstproperty", "pk": 21, "fields": {"created_at": "2021-06-10T00:36:28.792Z", "last_modified": "2021-06-10", "modified_by": null, "value": 170000.0, "property_instance": 36}}, {"model": "itarmaterials.itarconstproperty", "pk": 22, "fields": {"created_at": "2021-06-10T00:36:28.799Z", "last_modified": "2021-06-10", "modified_by": null, "value": 3.0, "property_instance": 37}}, {"model": "itarmaterials.itarconstproperty", "pk": 23, "fields": {"created_at": "2021-06-10T00:36:28.805Z", "last_modified": "2021-06-10", "modified_by": null, "value": 0.0, "property_instance": 38}}, {"model": "itarmaterials.itarconstproperty", "pk": 24, "fields": {"created_at": "2021-06-10T00:36:28.811Z", "last_modified": "2021-06-10", "modified_by": null, "value": 556.0, "property_instance": 39}}, {"model": "itarmaterials.itarconstproperty", "pk": 25, "fields": {"created_at": "2021-06-10T00:36:28.818Z", "last_modified": "2021-06-10", "modified_by": null, "value": -4000000.0, "property_instance": 40}}, {"model": "itarmaterials.itarconstproperty", "pk": 26, "fields": {"created_at": "2021-06-10T00:36:28.824Z", "last_modified": "2021-06-10", "modified_by": null, "value": 0.06, "property_instance": 41}}, {"model": "itarmaterials.itarconstproperty", "pk": 27, "fields": {"created_at": "2021-06-10T00:36:28.831Z", "last_modified": "2021-06-10", "modified_by": null, "value": 498000000.0, "property_instance": 42}}, {"model": "itarmaterials.itarconstproperty", "pk": 28, "fields": {"created_at": "2021-06-10T00:36:28.837Z", "last_modified": "2021-06-10", "modified_by": null, "value": 170000.0, "property_instance": 43}}, {"model": "itarmaterials.itarconstproperty", "pk": 29, "fields": {"created_at": "2021-06-10T00:36:28.843Z", "last_modified": "2021-06-10", "modified_by": null, "value": 3.0, "property_instance": 44}}, {"model": "itarmaterials.itarconstproperty", "pk": 30, "fields": {"created_at": "2021-06-10T00:36:28.850Z", "last_modified": "2021-06-10", "modified_by": null, "value": 0.0, "property_instance": 45}}, {"model": "itarmaterials.itarconstproperty", "pk": 31, "fields": {"created_at": "2021-06-10T00:36:28.856Z", "last_modified": "2021-06-10", "modified_by": null, "value": 556.0, "property_instance": 46}}, {"model": "itarmaterials.itarconstproperty", "pk": 32, "fields": {"created_at": "2021-06-10T00:36:28.863Z", "last_modified": "2021-06-10", "modified_by": null, "value": -4000000.0, "property_instance": 47}}, {"model": "itarmaterials.itarconstproperty", "pk": 33, "fields": {"created_at": "2021-06-10T00:36:28.891Z", "last_modified": "2021-06-10", "modified_by": null, "value": 0.0, "property_instance": 48}}, {"model": "itarmaterials.itarconstproperty", "pk": 34, "fields": {"created_at": "2021-06-10T00:36:28.899Z", "last_modified": "2021-06-10", "modified_by": null, "value": 3.0, "property_instance": 49}}, {"model": "itarmaterials.itarmatrixproperty", "pk": 1, "fields": {"created_at": "2021-06-08T20:07:20.826Z", "last_modified": "2021-06-10", "modified_by": null, "value": "(2e-11 0 0 0 2e-11 0 0 0 2e-11)", "property_instance": null}}, {"model": "itarmaterials.itarmatrixproperty", "pk": 2, "fields": {"created_at": "2021-06-10T00:36:28.693Z", "last_modified": "2021-06-10", "modified_by": null, "value": "(1.6e-11 0 0 0 1.6e-11 0 0 0 1.6e-11)", "property_instance": 20}}, {"model": "itarmaterials.itarmatrixproperty", "pk": 3, "fields": {"created_at": "2021-06-10T00:36:28.699Z", "last_modified": "2021-06-10", "modified_by": null, "value": "(2e-11 0 0 0 2e-11 0 0 0 2e-11)", "property_instance": 21}}, {"model": "units.baseunit", "pk": 20, "fields": {"name": "Ampere", "symbol": "A", "length_dim": 0, "mass_dim": 0, "time_dim": 0, "current_dim": 1, "temp_dim": 0, "mole_dim": 0, "luminous_dim": 0, "coeff": 1.0, "temp_offset": 0.0}}, {"model": "units.baseunit", "pk": 21, "fields": {"name": "British thermal unit", "symbol": "BTU", "length_dim": 2, "mass_dim": 1, "time_dim": -2, "current_dim": 0, "temp_dim": 0, "mole_dim": 0, "luminous_dim": 0, "coeff": 1055.0, "temp_offset": 0.0}}, {"model": "units.baseunit", "pk": 22, "fields": {"name": "Candela", "symbol": "cd", "length_dim": 0, "mass_dim": 0, "time_dim": 0, "current_dim": 0, "temp_dim": 0, "mole_dim": 0, "luminous_dim": 1, "coeff": 1.0, "temp_offset": 0.0}}, {"model": "units.baseunit", "pk": 23, "fields": {"name": "Celcius", "symbol": "degC", "length_dim": 0, "mass_dim": 0, "time_dim": 0, "current_dim": 0, "temp_dim": 1, "mole_dim": 0, "luminous_dim": 0, "coeff": 1.0, "temp_offset": 273.15}}, {"model": "units.baseunit", "pk": 24, "fields": {"name": "Fahrenheit", "symbol": "degF", "length_dim": 0, "mass_dim": 0, "time_dim": 0, "current_dim": 0, "temp_dim": 1, "mole_dim": 0, "luminous_dim": 0, "coeff": 0.55555555555, "temp_offset": 255.37}}, {"model": "units.baseunit", "pk": 25, "fields": {"name": "Foot", "symbol": "ft", "length_dim": 1, "mass_dim": 0, "time_dim": 0, "current_dim": 0, "temp_dim": 0, "mole_dim": 0, "luminous_dim": 0, "coeff": 0.3048, "temp_offset": 0.0}}, {"model": "units.baseunit", "pk": 26, "fields": {"name": "Inch", "symbol": "in", "length_dim": 1, "mass_dim": 0, "time_dim": 0, "current_dim": 0, "temp_dim": 0, "mole_dim": 0, "luminous_dim": 0, "coeff": 0.0254, "temp_offset": 0.0}}, {"model": "units.baseunit", "pk": 27, "fields": {"name": "Joule", "symbol": "J", "length_dim": 2, "mass_dim": 1, "time_dim": -2, "current_dim": 0, "temp_dim": 0, "mole_dim": 0, "luminous_dim": 0, "coeff": 1.0, "temp_offset": 0.0}}, {"model": "units.baseunit", "pk": 28, "fields": {"name": "Kelvin", "symbol": "K", "length_dim": 0, "mass_dim": 0, "time_dim": 0, "current_dim": 0, "temp_dim": 1, "mole_dim": 0, "luminous_dim": 0, "coeff": 1.0, "temp_offset": 0.0}}, {"model": "units.baseunit", "pk": 29, "fields": {"name": "Kilogram", "symbol": "kg", "length_dim": 0, "mass_dim": 1, "time_dim": 0, "current_dim": 0, "temp_dim": 0, "mole_dim": 0, "luminous_dim": 0, "coeff": 1.0, "temp_offset": 0.0}}, {"model": "units.baseunit", "pk": 30, "fields": {"name": "Meter", "symbol": "m", "length_dim": 1, "mass_dim": 0, "time_dim": 0, "current_dim": 0, "temp_dim": 0, "mole_dim": 0, "luminous_dim": 0, "coeff": 1.0, "temp_offset": 0.0}}, {"model": "units.baseunit", "pk": 31, "fields": {"name": "Mole", "symbol": "mole", "length_dim": 0, "mass_dim": 0, "time_dim": 0, "current_dim": 0, "temp_dim": 0, "mole_dim": 1, "luminous_dim": 0, "coeff": 1.0, "temp_offset": 0.0}}, {"model": "units.baseunit", "pk": 32, "fields": {"name": "Newton", "symbol": "N", "length_dim": 1, "mass_dim": 1, "time_dim": -2, "current_dim": 0, "temp_dim": 0, "mole_dim": 0, "luminous_dim": 0, "coeff": 1.0, "temp_offset": 0.0}}, {"model": "units.baseunit", "pk": 33, "fields": {"name": "None", "symbol": "-", "length_dim": 0, "mass_dim": 0, "time_dim": 0, "current_dim": 0, "temp_dim": 0, "mole_dim": 0, "luminous_dim": 0, "coeff": 1.0, "temp_offset": 0.0}}, {"model": "units.baseunit", "pk": 34, "fields": {"name": "Pascal", "symbol": "Pa", "length_dim": -1, "mass_dim": 1, "time_dim": -2, "current_dim": 0, "temp_dim": 0, "mole_dim": 0, "luminous_dim": 0, "coeff": 1.0, "temp_offset": 0.0}}, {"model": "units.baseunit", "pk": 35, "fields": {"name": "Pound-force", "symbol": "lbf", "length_dim": 1, "mass_dim": 1, "time_dim": -2, "current_dim": 0, "temp_dim": 0, "mole_dim": 0, "luminous_dim": 0, "coeff": 4.448222, "temp_offset": 0.0}}, {"model": "units.baseunit", "pk": 36, "fields": {"name": "Pound-mass", "symbol": "lb", "length_dim": 0, "mass_dim": 1, "time_dim": 0, "current_dim": 0, "temp_dim": 0, "mole_dim": 0, "luminous_dim": 0, "coeff": 0.45359237, "temp_offset": 0.0}}, {"model": "units.baseunit", "pk": 37, "fields": {"name": "Second", "symbol": "s", "length_dim": 0, "mass_dim": 0, "time_dim": 1, "current_dim": 0, "temp_dim": 0, "mole_dim": 0, "luminous_dim": 0, "coeff": 1.0, "temp_offset": 0.0}}, {"model": "units.baseunit", "pk": 38, "fields": {"name": "Rankine", "symbol": "R", "length_dim": 0, "mass_dim": 0, "time_dim": 0, "current_dim": 0, "temp_dim": 1, "mole_dim": 0, "luminous_dim": 0, "coeff": 0.555556, "temp_offset": 0.0}}, {"model": "units.baseunitprefix", "pk": 1, "fields": {"name": "milli", "symbol": "m", "value": 0.001}}, {"model": "units.baseunitprefix", "pk": 2, "fields": {"name": "centi", "symbol": "c", "value": 0.01}}, {"model": "units.baseunitprefix", "pk": 3, "fields": {"name": "Mega", "symbol": "M", "value": 1000000.0}}, {"model": "units.baseunitprefix", "pk": 4, "fields": {"name": "kilo", "symbol": "k", "value": 1000.0}}, {"model": "units.baseunitpower", "pk": 19, "fields": {"combo": 9, "prefix": null, "unit": 37, "power": -1}}, {"model": "units.baseunitpower", "pk": 20, "fields": {"combo": 10, "prefix": null, "unit": 27, "power": 1}}, {"model": "units.baseunitpower", "pk": 21, "fields": {"combo": 10, "prefix": null, "unit": 28, "power": -1}}, {"model": "units.baseunitpower", "pk": 22, "fields": {"combo": 10, "prefix": null, "unit": 29, "power": -1}}, {"model": "units.baseunitpower", "pk": 23, "fields": {"combo": 11, "prefix": null, "unit": 27, "power": 1}}, {"model": "units.baseunitpower", "pk": 24, "fields": {"combo": 11, "prefix": null, "unit": 29, "power": -1}}, {"model": "units.baseunitpower", "pk": 25, "fields": {"combo": 12, "prefix": null, "unit": 28, "power": 1}}, {"model": "units.baseunitpower", "pk": 26, "fields": {"combo": 14, "prefix": null, "unit": 27, "power": 1}}, {"model": "units.baseunitpower", "pk": 27, "fields": {"combo": 14, "prefix": null, "unit": 28, "power": -1}}, {"model": "units.baseunitpower", "pk": 28, "fields": {"combo": 14, "prefix": null, "unit": 30, "power": -1}}, {"model": "units.baseunitpower", "pk": 29, "fields": {"combo": 14, "prefix": null, "unit": 37, "power": -1}}, {"model": "units.baseunitpower", "pk": 30, "fields": {"combo": 15, "prefix": null, "unit": 27, "power": 1}}, {"model": "units.baseunitpower", "pk": 31, "fields": {"combo": 15, "prefix": null, "unit": 30, "power": -2}}, {"model": "units.baseunitpower", "pk": 32, "fields": {"combo": 15, "prefix": null, "unit": 37, "power": -1}}, {"model": "units.baseunitpower", "pk": 33, "fields": {"combo": 16, "prefix": null, "unit": 29, "power": 1}}, {"model": "units.baseunitpower", "pk": 34, "fields": {"combo": 16, "prefix": null, "unit": 30, "power": 2}}, {"model": "units.baseunitpower", "pk": 35, "fields": {"combo": 16, "prefix": null, "unit": 31, "power": -1}}, {"model": "units.baseunitpower", "pk": 36, "fields": {"combo": 16, "prefix": null, "unit": 37, "power": -2}}, {"model": "units.baseunitpower", "pk": 37, "fields": {"combo": 17, "prefix": null, "unit": 29, "power": 1}}, {"model": "units.baseunitpower", "pk": 38, "fields": {"combo": 17, "prefix": null, "unit": 30, "power": -3}}, {"model": "units.baseunitpower", "pk": 39, "fields": {"combo": 18, "prefix": null, "unit": 29, "power": 1}}, {"model": "units.baseunitpower", "pk": 40, "fields": {"combo": 18, "prefix": null, "unit": 37, "power": -1}}, {"model": "units.baseunitpower", "pk": 41, "fields": {"combo": 19, "prefix": null, "unit": 30, "power": 2}}, {"model": "units.baseunitpower", "pk": 42, "fields": {"combo": 19, "prefix": null, "unit": 37, "power": -2}}, {"model": "units.baseunitpower", "pk": 43, "fields": {"combo": 20, "prefix": null, "unit": 30, "power": 2}}, {"model": "units.baseunitpower", "pk": 44, "fields": {"combo": 21, "prefix": null, "unit": 21, "power": 1}}, {"model": "units.baseunitpower", "pk": 45, "fields": {"combo": 21, "prefix": null, "unit": 36, "power": -1}}, {"model": "units.baseunitpower", "pk": 46, "fields": {"combo": 21, "prefix": null, "unit": 38, "power": -1}}, {"model": "units.baseunitpower", "pk": 47, "fields": {"combo": 22, "prefix": null, "unit": 21, "power": 1}}, {"model": "units.baseunitpower", "pk": 48, "fields": {"combo": 22, "prefix": null, "unit": 25, "power": -1}}, {"model": "units.baseunitpower", "pk": 49, "fields": {"combo": 22, "prefix": null, "unit": 38, "power": -1}}, {"model": "units.baseunitpower", "pk": 50, "fields": {"combo": 22, "prefix": null, "unit": 37, "power": -1}}, {"model": "units.baseunitpower", "pk": 51, "fields": {"combo": 23, "prefix": null, "unit": 21, "power": 1}}, {"model": "units.baseunitpower", "pk": 52, "fields": {"combo": 23, "prefix": null, "unit": 36, "power": -1}}, {"model": "units.baseunitpower", "pk": 53, "fields": {"combo": 24, "prefix": null, "unit": 25, "power": -3}}, {"model": "units.baseunitpower", "pk": 54, "fields": {"combo": 24, "prefix": null, "unit": 36, "power": 1}}, {"model": "units.baseunitpower", "pk": 56, "fields": {"combo": 13, "prefix": null, "unit": 33, "power": 0}}, {"model": "units.baseunitpower", "pk": 64, "fields": {"combo": 32, "prefix": null, "unit": 25, "power": 2}}, {"model": "units.combounit", "pk": 9, "fields": {"name": "Hertz", "symbol": "1/s", "system": 1}}, {"model": "units.combounit", "pk": 10, "fields": {"name": "J/(kg K)", "symbol": "J/(kg K)", "system": 1}}, {"model": "units.combounit", "pk": 11, "fields": {"name": "J/kg", "symbol": "J/kg", "system": 1}}, {"model": "units.combounit", "pk": 12, "fields": {"name": "Kelvin", "symbol": "K", "system": 1}}, {"model": "units.combounit", "pk": 13, "fields": {"name": "None", "symbol": "None", "system": 1}}, {"model": "units.combounit", "pk": 14, "fields": {"name": "W/(m K)", "symbol": "W/(m K)", "system": 1}}, {"model": "units.combounit", "pk": 15, "fields": {"name": "W/m2", "symbol": "W/m2", "system": 1}}, {"model": "units.combounit", "pk": 16, "fields": {"name": "kg.m2/(s2.mole)", "symbol": "kg.m2/(s2.mole)", "system": 1}}, {"model": "units.combounit", "pk": 17, "fields": {"name": "kg/m3", "symbol": "kg/m3", "system": 1}}, {"model": "units.combounit", "pk": 18, "fields": {"name": "kg/s", "symbol": "kg/s", "system": 1}}, {"model": "units.combounit", "pk": 19, "fields": {"name": "m2/s2", "symbol": "m2/s2", "system": 1}}, {"model": "units.combounit", "pk": 20, "fields": {"name": "m2", "symbol": "m2", "system": 1}}, {"model": "units.combounit", "pk": 21, "fields": {"name": "BTU/(lb.R)", "symbol": "BTU/(lb.R)", "system": 2}}, {"model": "units.combounit", "pk": 22, "fields": {"name": "BTU/(ft s R)", "symbol": "BTU/(ft s R)", "system": 2}}, {"model": "units.combounit", "pk": 23, "fields": {"name": "BTU/lb", "symbol": "BTU/lb", "system": 2}}, {"model": "units.combounit", "pk": 24, "fields": {"name": "lb/ft3", "symbol": "lb/ft3", "system": 2}}, {"model": "units.combounit", "pk": 32, "fields": {"name": "ft^2", "symbol": "ft^2", "system": 2}}, {"model": "units.combounit", "pk": 33, "fields": {"name": "None", "symbol": "-", "system": null}}, {"model": "units.alternateunitsymbol", "pk": 1, "fields": {"combounit": 10, "symbol": "J/kg/K"}}, {"model": "units.alternateunitsymbol", "pk": 2, "fields": {"combounit": 11, "symbol": "J/(kg)"}}, {"model": "units.alternateunitsymbol", "pk": 3, "fields": {"combounit": 12, "symbol": "degK"}}, {"model": "units.alternateunitsymbol", "pk": 4, "fields": {"combounit": 14, "symbol": "W/m/K"}}, {"model": "units.alternateunitsymbol", "pk": 5, "fields": {"combounit": 17, "symbol": "kg/m^3"}}, {"model": "units.alternateunitsymbol", "pk": 6, "fields": {"combounit": 17, "symbol": "kg m^-3"}}, {"model": "units.alternateunitsymbol", "pk": 7, "fields": {"combounit": 17, "symbol": "kg.m^-3"}}, {"model": "units.alternateunitsymbol", "pk": 8, "fields": {"combounit": 19, "symbol": "m^2 s^-2"}}, {"model": "units.alternateunitsymbol", "pk": 9, "fields": {"combounit": 20, "symbol": "m^2"}}, {"model": "units.alternateunitsymbol", "pk": 10, "fields": {"combounit": 15, "symbol": "W/m^2"}}, {"model": "units.alternateunitsymbol", "pk": 11, "fields": {"combounit": 32, "symbol": "ft2"}}, {"model": "units.alternateunitsymbol", "pk": 12, "fields": {"combounit": 16, "symbol": "kg m^2 s^-2 mole^-1"}}, {"model": "units.alternateunitsymbol", "pk": 13, "fields": {"combounit": 24, "symbol": "lb ft^-3"}}, {"model": "units.alternateunitsymbol", "pk": 14, "fields": {"combounit": 16, "symbol": "kg.m2/(s2.mole"}}, {"model": "units.unitsystem", "pk": 1, "fields": {"name": "Metric", "description": "SI units (kg, m, s)", "length_unit": 30, "mass_unit": 29, "time_unit": 37, "current_unit": 20, "temp_unit": 28, "mole_unit": 31, "luminous_unit": 22}}, {"model": "units.unitsystem", "pk": 2, "fields": {"name": "English", "description": "English units (ft, lb, s)", "length_unit": 25, "mass_unit": 36, "time_unit": 37, "current_unit": 20, "temp_unit": 38, "mole_unit": 31, "luminous_unit": 22}}, {"model": "software.software", "pk": 1, "fields": {"created_at": "2021-01-22T05:58:51.803Z", "last_modified": "2021-01-29", "modified_by": 1, "name": "PATO", "short_name": "PATO", "repository": "http://pato.ac/index.php/nasa-release/", "short_description": "PATO is a modular analysis platform for multiphase porous reactive materials", "point_of_contact": null, "description": "<p>Main website: <a href=\"http://pato.ac\">pato.ac</a></p>\r\n\r\n<p>The Porous material Analysis Toolbox (PATO) is a modular analysis platform for multiphase porous reactive materials. It can be run as a simple Fourier heat transfer code or include more advanced features as internal decomposition (pyrolysis, vaporization), gas-gas and gas-solid chemical interactions (combustion, cracking, coking), gas species transport (convection, diffusion), and solid morphology evolutions (internal density changes, surface ablation). PATO is implemented as a C++ top level module of the open source (GNU GPL) computational fluid dynamics software program OpenFOAM. PATO also uses the open source (GNU LGPL) thermodynamics, transport, and chemistry library Mutation++ produced by the von Karman Institute for Fluid Dynamics.</p>\r\n\r\n<p>PATO is distributed Open Source by NASA.</p>\r\n\r\n<p><a href=\"https://software.nasa.gov/software/ARC-16680-1A\">https://software.nasa.gov/software/ARC-16680-1A</a></p>", "image": "Screen_Shot_2021-01-28_at_4.19.43_PM.png"}}, {"model": "software.software", "pk": 2, "fields": {"created_at": "2021-01-22T05:59:05.693Z", "last_modified": "2021-01-29", "modified_by": 1, "name": "FIAT", "short_name": "FIAT", "repository": "https://software.nasa.gov/software/ARC-15779-1A", "short_description": "Simulates one-dimensional thermal energy transport in a multilayer stack of isotropic materials and structures that can ablate from the front surface and decompose in depth.", "point_of_contact": null, "description": "<p>FIAT&nbsp;simulates one-dimensional thermal energy transport in a multilayer stack of isotropic materials and structures that can ablate from the front surface and decompose in depth. The implicit solution algorithm and general solution technique make the program very stable and robust for application to both robotic and crewed vehicles entering a planetary atmosphere from space. For input, the code reads material property information from a database file.</p>\r\n\r\n<p><strong>Notes:</strong><br />\r\nFIAT requires gcc or gfortran to be installed on your computer</p>", "image": "Screen_Shot_2021-01-28_at_4.55.02_PM.png"}}, {"model": "software.software", "pk": 3, "fields": {"created_at": "2021-01-22T05:59:20.093Z", "last_modified": "2021-01-29", "modified_by": 1, "name": "Icarus", "short_name": "Icarus", "repository": null, "short_description": "Icarus, is a three dimensional, unstructured material response tool that is intended to be used for design while maintaining the flexibility to easily implement physical models as needed", "point_of_contact": null, "description": "<p>Icarus, is a three dimensional, unstructured material response tool that is intended to be used for design while maintaining the flexibility to easily implement physical models as needed.</p>", "image": "Screen_Shot_2021-01-28_at_3.20.31_PM.png"}}, {"model": "software.software", "pk": 4, "fields": {"created_at": "2021-01-29T01:12:34.498Z", "last_modified": "2021-01-29", "modified_by": 1, "name": "PuMA", "short_name": "PuMA", "repository": "https://doi.org/10.1016/j.softx.2018.03.001", "short_description": "The Porous Microstructure Analysis (PuMA) software computes effective material properties and performs material response simulations on digitized microstructures of porous media.", "point_of_contact": null, "description": "<p>The Porous Microstructure Analysis (PuMA) software has been developed in order to compute effective material properties and perform material response simulations on digitized microstructures of porous media. PuMA is able to import digital three-dimensional images obtained from X-ray microtomography or to generate artificial microstructures. PuMA also provides a module for interactive 3D visualizations. Version 2.1 includes modules to compute porosity, volume fractions, and surface area. Two finite difference Laplace solvers have been implemented to compute the continuum tortuosity factor, effective thermal conductivity, and effective electrical conductivity. A random method has been developed to compute tortuosity factors from the continuum to rarefied regimes. Representative elementary volume analysis can be performed on each property. The software also includes a time-dependent, particle-based model for the oxidation of fibrous materials. PuMA was developed for Linux operating systems and is available as a NASA software under a US &amp; Foreign release.</p>", "image": "Screen_Shot_2021-01-28_at_5.11.28_PM.png"}}, {"model": "software.softwareversion", "pk": 1, "fields": {"created_at": "2021-01-22T06:01:08.887Z", "last_modified": "2021-06-10", "modified_by": 1, "software": 1, "version": "2.3.0", "version_value": 203000000, "published": "2019-09-27", "link": "http://pato.ac/index.php/nasa-release/", "short_description": null, "lead_developer": null, "other_contact": null, "version_changes": "<p>Release notes :</p>\r\n\r\n<ul>\r\n\t<li>Minor bug fixes (JL, JM, JoM, JT, JF, CL)&nbsp;</li>\r\n\t<li>Streamlined code architecture : material model divided into 10 sub-models and fluid model divided into 5 types (JM)</li>\r\n\t<li>New utilities: patoManager (JM), unit-testing framework (JM, JF), sampling utility (JM)</li>\r\n\t<li>Third party librairies : update of OpenFoam to version 7 (JM)</li>\r\n\t<li>New solid model : solid mechanics (JL, MV, JM)</li>\r\n\t<li>New basic solvers : compressibleDarcy (JL), heatTransfer (JL), solidDisplacementPyrolysisFoam (JL, MV)</li>\r\n\t<li>New boundary conditions : solid mechanics BC for materials under pyrolysis (JL, MV)</li>\r\n\t<li>New tutorials: series of 0D tutorials (JM), graded materials (JM), stack of porous materials (JL, JM), 1D wood cylinder under pyrolysis (JL, CM), coupled material-flow simulations on 2D cylinders (JL, AA).</li>\r\n</ul>\r\n\r\n<p>Contributions to version 2.3.0 : Jean Lachaud (JL), J&eacute;r&eacute;mie Meurisse (JM), Joshua Monk (JoM), John Thornton (JT), Joseph Ferguson (JF), Alexis Andr&eacute; (AA), Cyril Levet (CL), Cyrille M&eacute;tayer (CM), Marin Virey (MV).</p>", "can_export": false, "material_properties": [1, 2, 3, 4, 5, 6, 7, 8, 9, 10, 11, 12, 13, 14, 15, 16, 17, 18, 19, 20, 21, 22, 23, 24, 25, 26, 27, 28, 29, 30, 31, 32, 33, 34, 35, 36, 37, 38, 39, 40, 41, 42, 43, 44, 45, 46, 47, 48, 49]}}, {"model": "software.softwareversion", "pk": 2, "fields": {"created_at": "2021-01-22T06:01:19.673Z", "last_modified": "2021-06-10", "modified_by": 1, "software": 2, "version": "3", "version_value": 300000000, "published": "2021-01-28", "link": "https://software.nasa.gov/software/ARC-15779-1A", "short_description": "Simulates one-dimensional thermal energy transport in a multilayer stack of isotropic materials and structures that can ablate from the front surface and decompose in depth.", "lead_developer": null, "other_contact": null, "version_changes": "<p>Release notes:</p>\r\n\r\n<ul>\r\n\t<li>Compilation bug fixes for Mac and Linux</li>\r\n\t<li>Preview of features in development</li>\r\n</ul>\r\n\r\n<p>&nbsp;</p>", "can_export": false, "material_properties": [1, 2, 3, 4, 5, 6, 7, 8, 9, 10, 11, 12, 13, 14, 15, 16, 17, 18, 19, 20, 21, 22, 23, 24, 25, 26, 27, 28, 29, 30, 31, 32, 33, 34, 35, 36, 37, 38, 39, 40, 41, 42, 43, 44, 45, 46, 47]}}, {"model": "software.softwareversion", "pk": 3, "fields": {"created_at": "2021-01-22T06:01:29.102Z", "last_modified": "2021-06-10", "modified_by": 1, "software": 3, "version": "0.1", "version_value": 1000000, "published": "2021-01-28", "link": null, "short_description": "Icarus, is a three dimensional, unstructured material response tool that is intended to be used for design while maintaining the flexibility to easily implement physical models as needed", "lead_developer": null, "other_contact": null, "version_changes": "<p>Release notes:</p>\r\n\r\n<ul>\r\n\t<li>Compilation bug fixes for Mac and Linux</li>\r\n\t<li>Preview of features in development</li>\r\n</ul>\r\n\r\n<p>&nbsp;</p>", "can_export": false, "material_properties": [48, 49]}}, {"model": "software.softwareversion", "pk": 4, "fields": {"created_at": "2021-01-22T06:06:23.108Z", "last_modified": "2021-06-10", "modified_by": 1, "software": 1, "version": "2.3.1", "version_value": 203010000, "published": "2020-11-06", "link": "http://pato.ac/index.php/nasa-release/", "short_description": "Latest version, some bug fixes", "lead_developer": null, "other_contact": null, "version_changes": "<p>Release notes:</p>\r\n\r\n<ul>\r\n\t<li>Compilation bug fixes for Mac and Linux</li>\r\n\t<li>Preview of features in development</li>\r\n</ul>", "can_export": true, "material_properties": [1, 2, 3, 4, 5, 6, 7, 8, 9, 10, 11, 12, 13, 14, 15, 16, 17, 18, 19, 20, 21, 22, 23, 24, 25, 26, 27, 28, 29, 30, 31, 32, 33, 34, 35, 36, 37, 38, 39, 40, 41, 42, 43, 44, 45, 46, 47, 48, 49]}}, {"model": "software.softwareversion", "pk": 5, "fields": {"created_at": "2021-03-04T22:58:30.527Z", "last_modified": "2021-06-10", "modified_by": 1, "software": 4, "version": "0.1", "version_value": 1000000, "published": "2021-03-04", "link": null, "short_description": null, "lead_developer": null, "other_contact": null, "version_changes": "", "can_export": false, "material_properties": [42, 43, 44, 45, 46, 47, 48, 49]}}, {"model": "sources.reference", "pk": 1, "fields": {"created_at": "2021-01-29T22:33:31.274Z", "last_modified": "2021-01-29", "modified_by": 1, "title": "A generic local thermal equilibrium model for porous reactive materials submitted to high temperatures", "doc_num": "10.1016/j.ijheatmasstransfer.2016.11.067", "reftype": 0, "published": "2016-11-21", "authors": "J.Lachaud et al.", "body": "<p>Many engineering applications involve reacting porous materials submitted to high temperatures. This work presents a detailed but pragmatic heat and mass transfer model for porous materials containing several solid phases and a single gas phase. The detailed chemical interactions occurring between the solid phases and the gas phase are modeled at the pore scale assuming local thermal equilibrium. Homogenized models are obtained for solid pyrolysis, pyrolysis species injection in the gas phase, heterogeneous reactions between the solid phases and the gas phase, and homogeneous reactions in the gas phase. The chemistry models are integrated in a macroscopic model making use of volume-averaged governing equations for the conservation of solid mass, gas mass, species (finite-rate chemistry) or elements (equilibrium chemistry), momentum, and energy. The model has been implemented in the Porous Material Analysis Toolbox based on OpenFoam (PATO), distributed Open Source by NASA. Applications to two high-temperature engineering problems are presented. The first application concerns the design of heat-shields of space vehicles. The second one aims at improving the understanding of biomass pyrolysis for the production of biohydrocarbons.</p>", "file": "1-s2.0-S0017931016312480-main.pdf", "link": "https://doi.org/10.1016/j.ijheatmasstransfer.2016.11.067", "materials": [], "itarmaterials": [], "softwares": [1]}}, {"model": "sources.tutorial", "pk": 1, "fields": {"created_at": "2021-01-29T22:23:34.406Z", "last_modified": "2021-01-29", "modified_by": 1, "name": "How to install PATO", "link": null, "short_description": "How to install PATO", "description": "<h2><span style=\"color:#e74c3c\">Example of how a tutorial can be structured</span></h2>\r\n\r\n<h3>Part 1</h3>\r\n\r\n<p>Lorem ipsum dolor sit amet, consectetur adipiscing elit, sed do eiusmod tempor incididunt ut labore et dolore magna aliqua. Ut enim ad minim veniam, quis nostrud <strong>exercitation ullamco laboris </strong>nisi ut aliquip ex ea commodo consequat. Duis aute irure dolor in reprehenderit in voluptate velit esse cillum dolore eu fugiat nulla pariatur. Excepteur sint occaecat cupidatat non proident, sunt in culpa qui officia deserunt mollit anim id est laborum</p>\r\n\r\n<h3>Part 2</h3>\r\n\r\n<p>Lorem ipsum dolor sit amet, consectetur adipiscing elit, sed do eiusmod tempor incididunt ut labore et dolore magna aliqua. Ut enim ad minim veniam, quis nostrud exercitation ullamco laboris nisi ut aliquip ex ea commodo consequat. Duis aute irure dolor in reprehenderit in voluptate ve<u>lit esse </u>cillum dolore eu fugiat nulla pariatur. Excepteur sint occaecat cupidatat non proident, sunt in culpa qui officia deserunt mollit anim id est laborum</p>\r\n\r\n<h3>Part 3&nbsp;</h3>\r\n\r\n<table border=\"1\" cellpadding=\"1\" cellspacing=\"1\" style=\"width:500px\">\r\n\t<tbody>\r\n\t\t<tr>\r\n\t\t\t<td>&nbsp;</td>\r\n\t\t\t<td>&nbsp;</td>\r\n\t\t</tr>\r\n\t\t<tr>\r\n\t\t\t<td>&nbsp;</td>\r\n\t\t\t<td>&nbsp;</td>\r\n\t\t</tr>\r\n\t\t<tr>\r\n\t\t\t<td>&nbsp;</td>\r\n\t\t\t<td>&nbsp;</td>\r\n\t\t</tr>\r\n\t</tbody>\r\n</table>\r\n\r\n<p>&nbsp;</p>", "file": "", "materials": [], "itarmaterials": [], "softwares": [1]}}]