[{"model": "units.baseunit", "pk": 20, "fields": {"name": "Ampere", "symbol": "A", "length_dim": 0, "mass_dim": 0, "time_dim": 0, "current_dim": 1, "temp_dim": 0, "mole_dim": 0, "luminous_dim": 0, "coeff": 1.0, "temp_offset": 0.0}}, {"model": "units.baseunit", "pk": 21, "fields": {"name": "British thermal unit", "symbol": "BTU", "length_dim": 2, "mass_dim": 1, "time_dim": -2, "current_dim": 0, "temp_dim": 0, "mole_dim": 0, "luminous_dim": 0, "coeff": 1055.0, "temp_offset": 0.0}}, {"model": "units.baseunit", "pk": 22, "fields": {"name": "Candela", "symbol": "cd", "length_dim": 0, "mass_dim": 0, "time_dim": 0, "current_dim": 0, "temp_dim": 0, "mole_dim": 0, "luminous_dim": 1, "coeff": 1.0, "temp_offset": 0.0}}, {"model": "units.baseunit", "pk": 23, "fields": {"name": "Celcius", "symbol": "degC", "length_dim": 0, "mass_dim": 0, "time_dim": 0, "current_dim": 0, "temp_dim": 1, "mole_dim": 0, "luminous_dim": 0, "coeff": 1.0, "temp_offset": 273.15}}, {"model": "units.baseunit", "pk": 24, "fields": {"name": "Fahrenheit", "symbol": "degF", "length_dim": 0, "mass_dim": 0, "time_dim": 0, "current_dim": 0, "temp_dim": 1, "mole_dim": 0, "luminous_dim": 0, "coeff": 0.55555555555, "temp_offset": 255.37}}, {"model": "units.baseunit", "pk": 25, "fields": {"name": "Foot", "symbol": "ft", "length_dim": 1, "mass_dim": 0, "time_dim": 0, "current_dim": 0, "temp_dim": 0, "mole_dim": 0, "luminous_dim": 0, "coeff": 0.3048, "temp_offset": 0.0}}, {"model": "units.baseunit", "pk": 26, "fields": {"name": "Inch", "symbol": "in", "length_dim": 1, "mass_dim": 0, "time_dim": 0, "current_dim": 0, "temp_dim": 0, "mole_dim": 0, "luminous_dim": 0, "coeff": 0.0254, "temp_offset": 0.0}}, {"model": "units.baseunit", "pk": 27, "fields": {"name": "Joule", "symbol": "J", "length_dim": 2, "mass_dim": 1, "time_dim": -2, "current_dim": 0, "temp_dim": 0, "mole_dim": 0, "luminous_dim": 0, "coeff": 1.0, "temp_offset": 0.0}}, {"model": "units.baseunit", "pk": 28, "fields": {"name": "Kelvin", "symbol": "K", "length_dim": 0, "mass_dim": 0, "time_dim": 0, "current_dim": 0, "temp_dim": 1, "mole_dim": 0, "luminous_dim": 0, "coeff": 1.0, "temp_offset": 0.0}}, {"model": "units.baseunit", "pk": 29, "fields": {"name": "Kilogram", "symbol": "kg", "length_dim": 0, "mass_dim": 1, "time_dim": 0, "current_dim": 0, "temp_dim": 0, "mole_dim": 0, "luminous_dim": 0, "coeff": 1.0, "temp_offset": 0.0}}, {"model": "units.baseunit", "pk": 30, "fields": {"name": "Meter", "symbol": "m", "length_dim": 1, "mass_dim": 0, "time_dim": 0, "current_dim": 0, "temp_dim": 0, "mole_dim": 0, "luminous_dim": 0, "coeff": 1.0, "temp_offset": 0.0}}, {"model": "units.baseunit", "pk": 31, "fields": {"name": "Mole", "symbol": "mole", "length_dim": 0, "mass_dim": 0, "time_dim": 0, "current_dim": 0, "temp_dim": 0, "mole_dim": 1, "luminous_dim": 0, "coeff": 1.0, "temp_offset": 0.0}}, {"model": "units.baseunit", "pk": 32, "fields": {"name": "Newton", "symbol": "N", "length_dim": 1, "mass_dim": 1, "time_dim": -2, "current_dim": 0, "temp_dim": 0, "mole_dim": 0, "luminous_dim": 0, "coeff": 1.0, "temp_offset": 0.0}}, {"model": "units.baseunit", "pk": 33, "fields": {"name": "None", "symbol": "-", "length_dim": 0, "mass_dim": 0, "time_dim": 0, "current_dim": 0, "temp_dim": 0, "mole_dim": 0, "luminous_dim": 0, "coeff": 1.0, "temp_offset": 0.0}}, {"model": "units.baseunit", "pk": 34, "fields": {"name": "Pascal", "symbol": "Pa", "length_dim": -1, "mass_dim": 1, "time_dim": -2, "current_dim": 0, "temp_dim": 0, "mole_dim": 0, "luminous_dim": 0, "coeff": 1.0, "temp_offset": 0.0}}, {"model": "units.baseunit", "pk": 35, "fields": {"name": "Pound-force", "symbol": "lbf", "length_dim": 1, "mass_dim": 1, "time_dim": -2, "current_dim": 0, "temp_dim": 0, "mole_dim": 0, "luminous_dim": 0, "coeff": 4.448222, "temp_offset": 0.0}}, {"model": "units.baseunit", "pk": 36, "fields": {"name": "Pound-mass", "symbol": "lb", "length_dim": 0, "mass_dim": 1, "time_dim": 0, "current_dim": 0, "temp_dim": 0, "mole_dim": 0, "luminous_dim": 0, "coeff": 0.45359237, "temp_offset": 0.0}}, {"model": "units.baseunit", "pk": 37, "fields": {"name": "Second", "symbol": "s", "length_dim": 0, "mass_dim": 0, "time_dim": 1, "current_dim": 0, "temp_dim": 0, "mole_dim": 0, "luminous_dim": 0, "coeff": 1.0, "temp_offset": 0.0}}, {"model": "units.baseunit", "pk": 38, "fields": {"name": "Rankine", "symbol": "R", "length_dim": 0, "mass_dim": 0, "time_dim": 0, "current_dim": 0, "temp_dim": 1, "mole_dim": 0, "luminous_dim": 0, "coeff": 0.555556, "temp_offset": 0.0}}, {"model": "units.baseunitprefix", "pk": 1, "fields": {"name": "milli", "symbol": "m", "value": 0.001}}, {"model": "units.baseunitprefix", "pk": 2, "fields": {"name": "centi", "symbol": "c", "value": 0.01}}, {"model": "units.baseunitprefix", "pk": 3, "fields": {"name": "Mega", "symbol": "M", "value": 1000000.0}}, {"model": "units.baseunitprefix", "pk": 4, "fields": {"name": "kilo", "symbol": "k", "value": 1000.0}}, {"model": "units.baseunitpower", "pk": 19, "fields": {"combo": 9, "prefix": null, "unit": 37, "power": -1}}, {"model": "units.baseunitpower", "pk": 20, "fields": {"combo": 10, "prefix": null, "unit": 27, "power": 1}}, {"model": "units.baseunitpower", "pk": 21, "fields": {"combo": 10, "prefix": null, "unit": 28, "power": -1}}, {"model": "units.baseunitpower", "pk": 22, "fields": {"combo": 10, "prefix": null, "unit": 29, "power": -1}}, {"model": "units.baseunitpower", "pk": 23, "fields": {"combo": 11, "prefix": null, "unit": 27, "power": 1}}, {"model": "units.baseunitpower", "pk": 24, "fields": {"combo": 11, "prefix": null, "unit": 29, "power": -1}}, {"model": "units.baseunitpower", "pk": 25, "fields": {"combo": 12, "prefix": null, "unit": 28, "power": 1}}, {"model": "units.baseunitpower", "pk": 26, "fields": {"combo": 14, "prefix": null, "unit": 27, "power": 1}}, {"model": "units.baseunitpower", "pk": 27, "fields": {"combo": 14, "prefix": null, "unit": 28, "power": -1}}, {"model": "units.baseunitpower", "pk": 28, "fields": {"combo": 14, "prefix": null, "unit": 30, "power": -1}}, {"model": "units.baseunitpower", "pk": 29, "fields": {"combo": 14, "prefix": null, "unit": 37, "power": -1}}, {"model": "units.baseunitpower", "pk": 30, "fields": {"combo": 15, "prefix": null, "unit": 27, "power": 1}}, {"model": "units.baseunitpower", "pk": 31, "fields": {"combo": 15, "prefix": null, "unit": 30, "power": -2}}, {"model": "units.baseunitpower", "pk": 32, "fields": {"combo": 15, "prefix": null, "unit": 37, "power": -1}}, {"model": "units.baseunitpower", "pk": 33, "fields": {"combo": 16, "prefix": null, "unit": 29, "power": 1}}, {"model": "units.baseunitpower", "pk": 34, "fields": {"combo": 16, "prefix": null, "unit": 30, "power": 2}}, {"model": "units.baseunitpower", "pk": 35, "fields": {"combo": 16, "prefix": null, "unit": 31, "power": -1}}, {"model": "units.baseunitpower", "pk": 36, "fields": {"combo": 16, "prefix": null, "unit": 37, "power": -2}}, {"model": "units.baseunitpower", "pk": 37, "fields": {"combo": 17, "prefix": null, "unit": 29, "power": 1}}, {"model": "units.baseunitpower", "pk": 38, "fields": {"combo": 17, "prefix": null, "unit": 30, "power": -3}}, {"model": "units.baseunitpower", "pk": 39, "fields": {"combo": 18, "prefix": null, "unit": 29, "power": 1}}, {"model": "units.baseunitpower", "pk": 40, "fields": {"combo": 18, "prefix": null, "unit": 37, "power": -1}}, {"model": "units.baseunitpower", "pk": 41, "fields": {"combo": 19, "prefix": null, "unit": 30, "power": 2}}, {"model": "units.baseunitpower", "pk": 42, "fields": {"combo": 19, "prefix": null, "unit": 37, "power": -2}}, {"model": "units.baseunitpower", "pk": 43, "fields": {"combo": 20, "prefix": null, "unit": 30, "power": 2}}, {"model": "units.baseunitpower", "pk": 44, "fields": {"combo": 21, "prefix": null, "unit": 21, "power": 1}}, {"model": "units.baseunitpower", "pk": 45, "fields": {"combo": 21, "prefix": null, "unit": 36, "power": -1}}, {"model": "units.baseunitpower", "pk": 46, "fields": {"combo": 21, "prefix": null, "unit": 38, "power": -1}}, {"model": "units.baseunitpower", "pk": 47, "fields": {"combo": 22, "prefix": null, "unit": 21, "power": 1}}, {"model": "units.baseunitpower", "pk": 48, "fields": {"combo": 22, "prefix": null, "unit": 25, "power": -1}}, {"model": "units.baseunitpower", "pk": 49, "fields": {"combo": 22, "prefix": null, "unit": 38, "power": -1}}, {"model": "units.baseunitpower", "pk": 50, "fields": {"combo": 22, "prefix": null, "unit": 37, "power": -1}}, {"model": "units.baseunitpower", "pk": 51, "fields": {"combo": 23, "prefix": null, "unit": 21, "power": 1}}, {"model": "units.baseunitpower", "pk": 52, "fields": {"combo": 23, "prefix": null, "unit": 36, "power": -1}}, {"model": "units.baseunitpower", "pk": 53, "fields": {"combo": 24, "prefix": null, "unit": 25, "power": -3}}, {"model": "units.baseunitpower", "pk": 54, "fields": {"combo": 24, "prefix": null, "unit": 36, "power": 1}}, {"model": "units.baseunitpower", "pk": 56, "fields": {"combo": 13, "prefix": null, "unit": 33, "power": 0}}, {"model": "units.baseunitpower", "pk": 64, "fields": {"combo": 32, "prefix": null, "unit": 25, "power": 2}}, {"model": "units.combounit", "pk": 9, "fields": {"name": "Hertz", "symbol": "1/s", "system": 1}}, {"model": "units.combounit", "pk": 10, "fields": {"name": "J/(kg K)", "symbol": "J/(kg K)", "system": 1}}, {"model": "units.combounit", "pk": 11, "fields": {"name": "J/kg", "symbol": "J/kg", "system": 1}}, {"model": "units.combounit", "pk": 12, "fields": {"name": "Kelvin", "symbol": "K", "system": 1}}, {"model": "units.combounit", "pk": 13, "fields": {"name": "None", "symbol": "None", "system": 1}}, {"model": "units.combounit", "pk": 14, "fields": {"name": "W/(m K)", "symbol": "W/(m K)", "system": 1}}, {"model": "units.combounit", "pk": 15, "fields": {"name": "W/m2", "symbol": "W/m2", "system": 1}}, {"model": "units.combounit", "pk": 16, "fields": {"name": "kg.m2/(s2.mole)", "symbol": "kg.m2/(s2.mole)", "system": 1}}, {"model": "units.combounit", "pk": 17, "fields": {"name": "kg/m3", "symbol": "kg/m3", "system": 1}}, {"model": "units.combounit", "pk": 18, "fields": {"name": "kg/s", "symbol": "kg/s", "system": 1}}, {"model": "units.combounit", "pk": 19, "fields": {"name": "m2/s2", "symbol": "m2/s2", "system": 1}}, {"model": "units.combounit", "pk": 20, "fields": {"name": "m2", "symbol": "m2", "system": 1}}, {"model": "units.combounit", "pk": 21, "fields": {"name": "BTU/(lb.R)", "symbol": "BTU/(lb.R)", "system": 2}}, {"model": "units.combounit", "pk": 22, "fields": {"name": "BTU/(ft s R)", "symbol": "BTU/(ft s R)", "system": 2}}, {"model": "units.combounit", "pk": 23, "fields": {"name": "BTU/lb", "symbol": "BTU/lb", "system": 2}}, {"model": "units.combounit", "pk": 24, "fields": {"name": "lb/ft3", "symbol": "lb/ft3", "system": 2}}, {"model": "units.combounit", "pk": 32, "fields": {"name": "ft^2", "symbol": "ft^2", "system": 2}}, {"model": "units.combounit", "pk": 33, "fields": {"name": "None", "symbol": "-", "system": null}}, {"model": "units.alternateunitsymbol", "pk": 1, "fields": {"combounit": 10, "symbol": "J/kg/K"}}, {"model": "units.alternateunitsymbol", "pk": 2, "fields": {"combounit": 11, "symbol": "J/(kg)"}}, {"model": "units.alternateunitsymbol", "pk": 3, "fields": {"combounit": 12, "symbol": "degK"}}, {"model": "units.alternateunitsymbol", "pk": 4, "fields": {"combounit": 14, "symbol": "W/m/K"}}, {"model": "units.alternateunitsymbol", "pk": 5, "fields": {"combounit": 17, "symbol": "kg/m^3"}}, {"model": "units.alternateunitsymbol", "pk": 6, "fields": {"combounit": 17, "symbol": "kg m^-3"}}, {"model": "units.alternateunitsymbol", "pk": 7, "fields": {"combounit": 17, "symbol": "kg.m^-3"}}, {"model": "units.alternateunitsymbol", "pk": 8, "fields": {"combounit": 19, "symbol": "m^2 s^-2"}}, {"model": "units.alternateunitsymbol", "pk": 9, "fields": {"combounit": 20, "symbol": "m^2"}}, {"model": "units.alternateunitsymbol", "pk": 10, "fields": {"combounit": 15, "symbol": "W/m^2"}}, {"model": "units.alternateunitsymbol", "pk": 11, "fields": {"combounit": 32, "symbol": "ft2"}}, {"model": "units.alternateunitsymbol", "pk": 12, "fields": {"combounit": 16, "symbol": "kg m^2 s^-2 mole^-1"}}, {"model": "units.alternateunitsymbol", "pk": 13, "fields": {"combounit": 24, "symbol": "lb ft^-3"}}, {"model": "units.alternateunitsymbol", "pk": 14, "fields": {"combounit": 16, "symbol": "kg.m2/(s2.mole"}}, {"model": "units.unitsystem", "pk": 1, "fields": {"name": "Metric", "description": "SI units (kg, m, s)", "length_unit": 30, "mass_unit": 29, "time_unit": 37, "current_unit": 20, "temp_unit": 28, "mole_unit": 31, "luminous_unit": 22}}, {"model": "units.unitsystem", "pk": 2, "fields": {"name": "English", "description": "English units (ft, lb, s)", "length_unit": 25, "mass_unit": 36, "time_unit": 37, "current_unit": 20, "temp_unit": 38, "mole_unit": 31, "luminous_unit": 22}}]